platform_code,smru_platform_code,deployment_code,time_coverage_start,time_coverage_end,instr_id,ptt,wmo
10320,wd1-9497-06,wd1,2006-02-14T00:00:00Z,2006-11-01T00:00:00Z,9497,19251, 
10332,bs2-53130-05,bs2,2006-10-19T00:00:00Z,2007-05-01T00:00:00Z,10286,53130, 
10536,ct12-110-05,ct12,2005-06-29T00:00:00Z,2005-11-10T00:00:00Z,10110,23104, 
13956,ct31-448B_rec-07,ct31,2007-04-01T00:00:00Z,2007-07-01T00:00:00Z,10448,943850, 
13962,ct37-757-08,ct37,2008-01-25T00:00:00Z,2008-12-01T00:00:00Z,10757,22925,Q9900080
13968,ct37-780-08,ct37,2008-01-25T00:00:00Z,2008-12-01T00:00:00Z,10780,25966,Q9900083
13974,ct37-762-08,ct37,2008-01-25T00:00:00Z,2008-12-01T00:00:00Z,10762,24178,Q9900081
13986,ct41-794-08,ct41,2008-02-01T00:00:00Z,2009-04-01T00:00:00Z,10794,35684, 
13992,ct37-765-08,ct37,2008-01-25T00:00:00Z,2008-12-01T00:00:00Z,10765,28588,Q9900082
14004,ct41-756-08,ct41,2008-02-01T00:00:00Z,2009-04-01T00:00:00Z,10756,35682, 
14010,ct41-764-08,ct41,2008-02-01T00:00:00Z,2008-11-01T00:00:00Z,10764,35683, 
14016,ct41-795-08,ct41,2008-02-01T00:00:00Z,2008-07-01T00:00:00Z,10795,35690, 
6660,ct1-Blitzen-04,ct1,2004-01-29T00:00:00Z,2004-12-31T09:34:55Z,9904,22494, 
6666,ct1-Vixen-04,ct1,2004-01-29T00:00:00Z,2005-01-01T00:00:00Z,9913,20917, 
6672,ct1-Dasher-04,ct1,2004-01-29T00:00:00Z,2005-01-01T00:00:00Z,9914,20916, 
6684,ct1-Dancer-04,ct1,2004-01-29T00:00:00Z,2005-04-10T00:00:00Z,9911,2840, 
6690,ct1-Donner-04,ct1,2004-01-29T00:00:00Z,2005-04-10T00:00:00Z,9903,2442, 
10560,ct17-m110-06,ct17,2006-01-10T00:00:00Z,2006-07-01T00:00:00Z,10110,23104, 
10566,ct17-m098-06,ct17,2006-01-10T00:00:00Z,2006-06-01T00:00:00Z,10098,28592, 
10572,ct14-068-06,ct14,2006-01-10T00:00:00Z,2006-07-01T00:00:00Z,10068,28598, 
10578,ct14-106-06,ct14,2006-01-10T00:00:00Z,2006-07-01T00:00:00Z,10106,28594, 
10584,ct14-111-06,ct14,2006-01-10T00:00:00Z,2006-07-01T00:00:00Z,10111,28589, 
10602,ct14-118-06,ct14,2006-01-10T00:00:00Z,2006-07-01T00:00:00Z,10118,24177, 
10608,ct14-175-06,ct14,2006-01-10T00:00:00Z,2006-07-01T00:00:00Z,10175,24175, 
10620,ct16-174-06,ct16,2006-01-15T00:00:00Z,2006-07-01T00:00:00Z,10174,64318, 
10638,ct16-240-06,ct16,2006-01-15T00:00:00Z,2006-07-01T00:00:00Z,10240,64321, 
10644,ct16-241-06,ct16,2006-01-15T00:00:00Z,2006-07-01T00:00:00Z,10241,64322, 
10650,ct16-238-06,ct16,2006-01-15T00:00:00Z,2006-07-01T00:00:00Z,10238,64323, 
10740,ct8-Rudolph-05,ct8,2005-01-10T00:00:00Z,2006-02-01T00:00:00Z,10038,1549, 
14376,ct35-YY240-07,ct35,2007-10-26T00:00:00Z,2008-03-01T00:00:00Z,10498,60040, 
14388,ct38e-09-08,ct38e,2007-12-20T00:00:00Z,2008-10-01T00:00:00Z,10809,79678,Q9900087
14394,ct38e-11-08,ct38e,2007-12-20T00:00:00Z,2008-10-01T00:00:00Z,10811,79679,Q9900088
14412,ct38e-29-08,ct38e,2007-12-20T00:00:00Z,2008-10-01T00:00:00Z,10829,79682,Q9900090
14418,ct38e-26-08,ct38e,2007-12-20T00:00:00Z,2008-10-01T00:00:00Z,10826,79683,Q9900089
14424,ct38w-QueenEliz-08,ct38w,2008-02-21T00:00:00Z,2009-01-01T00:00:00Z,10832,79685,Q9900098
14430,ct38w-Elodie-08,ct38w,2008-02-21T00:00:00Z,2009-01-01T00:00:00Z,10836,79686,Q9900096
14454,ct39-44-08,ct39,2008-01-20T00:00:00Z,2008-12-01T00:00:00Z,10839,69044,Q9900103
14460,ct39-46-08,ct39,2008-01-20T00:00:00Z,2008-12-01T00:00:00Z,10840,69046,Q9900105
14466,ct39-47-08,ct39,2008-01-20T00:00:00Z,2008-12-01T00:00:00Z,10827,69047,Q9900106
6822,ct2-9920-04,ct2,2004-01-20T00:00:00Z,2004-08-01T00:00:00Z,9920,43877, 
6834,ct2-9919-04,ct2,2004-01-20T00:00:00Z,2004-08-01T00:00:00Z,9919,1547, 
6840,ct2-9925-04,ct2,2004-01-20T00:00:00Z,2004-08-01T00:00:00Z,9925,43881, 
6942,ct3-9926-04,ct3,2004-02-24T00:00:00Z,2004-08-10T20:49:34Z,9926,2967, 
6948,ct3-9927-04,ct3,2004-02-23T00:00:00Z,2005-12-07T06:32:57Z,9927,2969, 
6954,ct3-9928-04,ct3,2004-02-23T00:00:00Z,2004-03-28T10:50:12Z,9928,2970, 
6960,ct3-9929-04,ct3,2004-02-23T00:00:00Z,2005-08-23T17:28:15Z,9929,3853, 
6966,ct3-9931-04,ct3,2004-02-19T00:00:00Z,2004-08-09T02:47:22Z,9931,7077, 
6972,ct3-9932-04,ct3,2004-02-19T00:00:00Z,2004-10-22T09:53:31Z,9932,14674, 
6978,ct3-9934-04,ct3,2004-02-23T00:00:00Z,2004-10-15T18:01:56Z,9934,14675, 
6996,ct3-9938-04,ct3,2004-02-21T00:00:00Z,2004-08-16T09:57:19Z,9938,26707, 
10854,bs1-53130-04,bs1,2004-10-09T00:00:00Z,2005-11-01T00:00:00Z,9497,53130, 
10932,ct17-m007-06,ct17,2006-03-08T00:00:00Z,2006-07-15T00:00:00Z,10007,65978, 
10938,ct17-m070-06,ct17,2006-03-08T00:00:00Z,2006-06-01T00:00:00Z,10070,65979, 
14472,ct39-48-08,ct39,2008-01-20T00:00:00Z,2008-12-01T00:00:00Z,10825,69048,Q9900107
14478,ct39-45-08,ct39,2008-01-20T00:00:00Z,2008-12-01T00:00:00Z,10823,69045,Q9900104
14490,ct39-42-08,ct39,2008-01-20T00:00:00Z,2008-12-01T00:00:00Z,10837,69042,Q9900101
14502,ct39-40-08,ct39,2008-01-20T00:00:00Z,2008-12-01T00:00:00Z,10828,69040,Q9900099
14610,ct40-Bob-08,ct40,2008-01-25T00:00:00Z,2009-01-01T00:00:00Z,10847,5813,Q9900114
14616,ct40-848-08,ct40,2008-01-25T00:00:00Z,2009-01-01T00:00:00Z,10848,17219,Q9900109
14622,ct40-Rikk-08,ct40,2008-01-25T00:00:00Z,2009-01-01T00:00:00Z,10851,26632,Q9900117
14628,ct40-857-08,ct40,2008-01-25T00:00:00Z,2009-01-01T00:00:00Z,10857,43876,Q9900111
14640,ct40-Bernt-08,ct40,2008-01-25T00:00:00Z,2009-01-01T00:00:00Z,10859,43881,Q9900113
14646,ct40-Lily-08,ct40,2008-01-25T00:00:00Z,2009-01-01T00:00:00Z,10849,20915,Q9900116
14652,ct40-853-08,ct40,2008-01-25T00:00:00Z,2009-01-01T00:00:00Z,10853,43846,Q9900110
14658,ft01-Fluoro2-07,ft01,2007-12-18T00:00:00Z,2008-08-01T00:00:00Z,10855,38578,Q9900125
14688,ct42-WB057-08,ct42,2008-04-02T00:00:00Z,2008-08-01T00:00:00Z,10821,82071,Q9900123
14694,ct50-RR217-09,ct50,2009-02-09T00:00:00Z,2009-12-01T00:00:00Z,10831,82072,Q9900119
14700,ct50-BB246-09,ct50,2009-02-14T00:00:00Z,2009-12-01T00:00:00Z,10834,82073,Q9900120
14706,ct50-RR435-09,ct50,2009-02-16T00:00:00Z,2009-12-01T00:00:00Z,10856,82075,Q9900122
14712,ct35b-YY348b-08,ct35b,2008-02-12T00:00:00Z,2008-09-01T00:00:00Z,10706,60046,Q9900072
14718,ct35b-YY264b-08,ct35b,2008-02-17T00:00:00Z,2008-09-01T00:00:00Z,10692,60042,Q9900070
14724,ct35b-YY039-08,ct35b,2008-02-17T00:00:00Z,2008-09-01T00:00:00Z,10691,60044,Q9900065
14754,ct43-866-09,ct43,2009-02-05T00:00:00Z,2009-05-01T00:00:00Z,10866,43839,Q9900138
14760,ct43-865-09,ct43,2009-02-05T00:00:00Z,2009-04-01T00:00:00Z,10865,43840,Q9900139
14766,ct43-864-09,ct43,2009-02-05T00:00:00Z,2009-08-01T00:00:00Z,10864,43841,Q9900143
14772,ct43-862-09,ct43,2009-02-05T00:00:00Z,2009-10-01T00:00:00Z,10862,43844,Q9900141
14778,ct43-860-09,ct43,2009-02-05T00:00:00Z,2009-05-01T00:00:00Z,10860,48928,Q9900142
14838,ct23x-536-08,ct23x,2009-01-01T00:00:00Z,2009-09-01T00:00:00Z,10536,72525,Q9900191
14844,ct23x-537-08,ct23x,2009-01-01T00:00:00Z,2009-04-01T00:00:00Z,10537,72526,Q9900192
14850,ct23x-602-08,ct23x,2009-01-01T00:00:00Z,2009-07-01T00:00:00Z,10602,72520,Q9900194
11334,ct11-10097-05,ct11,2005-08-10T00:00:00Z,2005-12-14T06:23:41Z,10097,43838, 
15372,ct31-441_rec-07,ct31,2008-03-06T00:00:00Z,2008-04-23T00:00:00Z,10441,922498, 
15384,ct44-1-08,ct44,2008-11-10T00:00:00Z,2009-02-01T00:00:00Z,10876,83967, 
15390,ct44-2-08,ct44,2008-11-10T00:00:00Z,2009-02-01T00:00:00Z,10963,83968, 
15402,ct44-5-08,ct44,2008-11-10T00:00:00Z,2009-07-01T00:00:00Z,10959,83971, 
15456,ct45-FreddieMac-08,ct45,2008-10-10T00:00:00Z,2009-06-01T00:00:00Z,10440,22482,Q9900129
15468,ct45-Landsbanki-08,ct45,2008-10-15T00:00:00Z,2009-06-01T00:00:00Z,10446,22486,Q9900131
15474,ct45-LehmanBros-08,ct45,2008-10-10T00:00:00Z,2009-06-01T00:00:00Z,10447,22489,Q9900132
15480,ct45-BradBingley-08,ct45,2008-10-10T00:00:00Z,2009-06-01T00:00:00Z,10448,22498,Q9900126
15486,ct45-Fortis-08,ct45,2008-10-10T00:00:00Z,2009-06-01T00:00:00Z,10971,43850,Q9900128
15498,ct45-RBS-08,ct45,2008-10-10T00:00:00Z,2009-06-01T00:00:00Z,10976,48921,Q9900134
15504,ct45-WashMutual-08,ct45,2008-10-10T00:00:00Z,2009-06-01T00:00:00Z,10977,48922,Q9900130
11568,ct18-L-06,ct18,2007-07-01T00:00:00Z,2009-11-01T00:00:00Z,10452,44425, 
11760,ct19-054-06,ct19,2006-08-13T00:00:00Z,2006-12-31T00:00:00Z,10054,26343, 
14964,ct35x-WW005-08,ct35x,2008-11-02T00:00:00Z,2009-03-01T00:00:00Z,10498,60040,Q9900062
14970,ct35x-WR029-08,ct35x,2008-11-15T00:00:00Z,2009-03-01T00:00:00Z,10515,60037,Q9900063
8028,ct4-9915-04,ct4,2004-06-05T00:00:00Z,2005-06-21T22:24:50Z,9915,13365, 
8034,ct4-9908-04,ct4,2004-06-05T00:00:00Z,2005-05-01T00:00:00Z,9908,14749, 
8040,ct4-9921-04,ct4,2004-06-05T00:00:00Z,2005-05-01T00:00:00Z,9921,14759, 
11796,ct20-416-06,ct20,2006-10-03T00:00:00Z,2007-10-01T00:00:00Z,10473,70416, 
11802,ct20-417-06,ct20,2006-10-03T00:00:00Z,2007-10-01T00:00:00Z,10474,70417, 
11808,ct21-36-07,ct21,2007-03-24T00:00:00Z,2007-11-01T00:00:00Z,10497,60036, 
11820,ct21-38-07,ct21,2007-04-21T00:00:00Z,2007-11-01T00:00:00Z,10495,60038, 
11826,ct21-39-07,ct21,2007-03-24T00:00:00Z,2007-09-01T00:00:00Z,10496,60039, 
11832,ct21-GG178-07,ct21,2007-04-22T00:00:00Z,2007-09-25T00:00:00Z,10498,60040, 
11838,ct21-41-07,ct21,2007-04-24T00:00:00Z,2007-12-01T00:00:00Z,10499,60041, 
11850,ct22-11-08,ct22,2008-11-01T00:00:00Z,2009-02-10T00:00:00Z,10011,43854, 
11868,ct22-17-08,ct22,2008-11-01T00:00:00Z,2009-02-01T00:00:00Z,10017,43871, 
8364,bs1-53127-04,bs1,2004-10-09T00:00:00Z,2004-11-22T18:16:47Z,9491,53127, 
8370,bs1-53128-04,bs1,2004-10-09T00:00:00Z,2004-11-14T12:27:18Z,9492,53128, 
12186,ct23-C01-06,ct23,2006-12-01T00:00:00Z,2008-01-05T00:00:00Z,10516,72515, 
12192,ct23-C03-06,ct23,2006-12-01T00:00:00Z,2008-01-05T00:00:00Z,10518,72517, 
12198,ct23-C04-06,ct23,2006-12-01T00:00:00Z,2008-01-05T00:00:00Z,10519,72518, 
12204,ct23-C05-06,ct23,2006-12-01T00:00:00Z,2008-01-05T00:00:00Z,10525,72519, 
12210,ct23-C06-06,ct23,2006-12-01T00:00:00Z,2008-01-05T00:00:00Z,10526,72520, 
12216,ct23-C07-06,ct23,2006-12-01T00:00:00Z,2008-01-05T00:00:00Z,10527,72521, 
12234,ct23-C11-06,ct23,2006-12-01T00:00:00Z,2008-01-05T00:00:00Z,10536,72525, 
12240,ct23-C12-06,ct23,2006-12-01T00:00:00Z,2008-01-05T00:00:00Z,10537,72526, 
12252,wd3-CTD2-07,wd3,2007-02-20T00:00:00Z,2007-09-01T00:00:00Z,10554,72528, 
12258,wd3-CTD3-07,wd3,2007-02-20T00:00:00Z,2007-10-01T00:00:00Z,10555,72529, 
8550,ct9-28597-05,ct9,2005-02-01T00:00:00Z,2006-01-01T00:00:00Z,10002,28597, 
8556,ct9-28595-05,ct9,2005-02-01T00:00:00Z,2006-01-01T00:00:00Z,10022,28595, 
8580,ct9-28591-05,ct9,2005-02-01T00:00:00Z,2006-01-01T00:00:00Z,10008,28591, 
8586,ct9-28590-05,ct9,2005-02-01T00:00:00Z,2006-01-01T00:00:00Z,10003,28590, 
8592,ct9-28587-05,ct9,2005-02-01T00:00:00Z,2006-01-01T00:00:00Z,10007,28587, 
8604,ct9-26342-05,ct9,2005-02-01T00:00:00Z,2006-01-01T00:00:00Z,10005,26342, 
12312,ct26-C13-07,ct26,2007-02-12T00:00:00Z,2008-03-25T00:00:00Z,10589,72530, 
12318,ct26-C14-07,ct26,2007-02-12T00:00:00Z,2016-03-11T13:00:03Z,10614,72531, 
12324,ct26-C15-07,ct26,2007-02-12T00:00:00Z,2016-03-11T13:00:03Z,10601,72532, 
12330,ct25-556-07,ct25,2007-01-01T00:00:00Z,2008-01-01T00:00:00Z,10556,72761, 
12336,ct25-557-07,ct25,2007-01-01T00:00:00Z,2008-01-01T00:00:00Z,10557,72762, 
12348,ct25-559-07,ct25,2007-01-01T00:00:00Z,2008-01-01T00:00:00Z,10559,72764, 
12354,ct25-560-07,ct25,2007-01-01T00:00:00Z,2008-01-01T00:00:00Z,10560,72765, 
12360,ct25-561-07,ct25,2007-01-01T00:00:00Z,2008-01-01T00:00:00Z,10561,72766, 
12366,ct25-562-07,ct25,2007-01-01T00:00:00Z,2008-01-01T00:00:00Z,10562,72767, 
12372,ct25-563-07,ct25,2007-01-01T00:00:00Z,2008-01-01T00:00:00Z,10563,72768, 
12378,ct25-564-07,ct25,2007-01-01T00:00:00Z,2008-01-01T00:00:00Z,10564,72769, 
12396,ct28-583-07,ct28,2007-03-27T00:00:00Z,2008-06-01T00:00:00Z,10583,72772, 
12408,ct28-582-07,ct28,2007-03-27T00:00:00Z,2008-06-01T00:00:00Z,10582,72774, 
12420,ct28-576-07,ct28,2007-03-03T00:00:00Z,2007-09-01T00:00:00Z,10576,72776, 
12426,ct25-568-07,ct25,2007-01-01T00:00:00Z,2008-01-01T00:00:00Z,10568,72777, 
12432,ct25-490-07,ct25,2007-01-01T00:00:00Z,2008-01-01T00:00:00Z,10490,72778, 
8664,ct6-10006-05,ct6,2005-02-12T00:00:00Z,2005-11-01T00:00:00Z,10006,38565, 
8670,ct6-10011-05,ct6,2005-01-11T00:00:00Z,2005-11-01T00:00:00Z,10011,43854, 
8676,ct6-10015-05,ct6,2005-01-24T00:00:00Z,2005-11-01T00:00:00Z,10015,43855, 
8682,ct6-10016-05,ct6,2005-01-11T00:00:00Z,2005-11-01T00:00:00Z,10016,43870, 
8688,ct6-10018-05,ct6,2005-01-11T00:00:00Z,2005-11-01T00:00:00Z,10018,43872, 
8694,ct6-10020-05,ct6,2005-02-08T00:00:00Z,2005-11-01T00:00:00Z,10020,43873, 
8700,ct6-10021-05,ct6,2005-02-11T00:00:00Z,2005-11-01T00:00:00Z,10021,43874, 
8712,ct7-10028-05,ct7,2005-01-18T00:00:00Z,2005-07-10T14:16:14Z,10028,26446, 
8736,ct7-10032-05,ct7,2005-01-18T00:00:00Z,2018-01-01T00:00:00Z,10032,26455, 
8742,ct7-10035-05,ct7,2005-01-18T00:00:00Z,2005-10-27T11:42:41Z,10035,26457, 
8802,ct8-Carlita-05,ct8,2005-01-10T00:00:00Z,2006-02-01T00:00:00Z,10049,26631, 
8808,ct8-Rosita-05,ct8,2005-01-10T00:00:00Z,2006-02-01T00:00:00Z,10050,26632, 
8814,ct8-28494-05,ct8,2005-01-10T00:00:00Z,2006-02-01T00:00:00Z,10052,28494, 
8820,ct8-Hercules-05,ct8,2005-01-10T00:00:00Z,2006-02-01T00:00:00Z,10053,28496, 
12576,ct27-W1-07,ct27,2007-02-11T00:00:00Z,2008-01-01T00:00:00Z,10586,22484, 
12582,ct27-W2-07,ct27,2007-02-11T00:00:00Z,2008-01-01T00:00:00Z,10584,28487, 
12588,ct27-W3-07,ct27,2007-02-11T00:00:00Z,2008-01-01T00:00:00Z,10578,43856, 
12594,ct27x-W4-07,ct27x,2007-02-27T00:00:00Z,2008-01-01T00:00:00Z,10592,43861, 
12600,ct27-W5-07,ct27,2007-02-11T00:00:00Z,2008-01-01T00:00:00Z,10488,43863, 
8826,ct8-26626-05,ct8,2005-02-08T00:00:00Z,2006-02-01T00:00:00Z,10047,26626, 
8832,ct8-Aspasia-05,ct8,2005-01-10T00:00:00Z,2006-02-01T00:00:00Z,10046,26624, 
8838,ct8-Undine-05,ct8,2005-01-10T00:00:00Z,2006-02-01T00:00:00Z,10045,26623, 
8844,ct8-Soern-05,ct8,2005-01-10T00:00:00Z,2006-02-01T00:00:00Z,10044,17221, 
8850,ct8-Bernt-05,ct8,2005-01-10T00:00:00Z,2006-02-01T00:00:00Z,10043,5811, 
8856,ct8-2849-05,ct8,2005-02-08T00:00:00Z,2006-02-01T00:00:00Z,10042,2849, 
8970,ct6-9920-05,ct6,2005-02-17T00:00:00Z,2005-12-06T19:58:50Z,9920,22499, 
9054,ct7-10026-05,ct7,2005-01-18T00:00:00Z,2018-01-01T00:00:00Z,10026,26470, 
12798,ct29-599-07,ct29,2007-04-22T00:00:00Z,2008-08-01T00:00:00Z,10599,35661,Q9900002
12804,ct29-591-07,ct29,2007-04-21T00:00:00Z,2008-08-01T00:00:00Z,10591,35663,Q9900001
12810,ct29-W627-07,ct29,2007-04-22T00:00:00Z,2008-08-01T00:00:00Z,10627,35664,Q9900011
12816,ct29-628-07,ct29,2007-04-22T00:00:00Z,2008-08-01T00:00:00Z,10628,35667,Q9900004
12822,ct29-629-07,ct29,2007-04-25T00:00:00Z,2008-08-01T00:00:00Z,10629,35668,Q9900005
12828,ct29-630-07,ct29,2007-04-22T00:00:00Z,2008-08-01T00:00:00Z,10630,35670,Q9900006
12834,ct29-631-07,ct29,2007-04-24T00:00:00Z,2008-08-01T00:00:00Z,10631,35671,Q9900007
12840,ct29-632-07,ct29,2007-05-15T00:00:00Z,2008-08-01T00:00:00Z,10632,35672,Q9900008
12846,ct29-633-07,ct29,2007-04-22T00:00:00Z,2008-08-01T00:00:00Z,10633,35673,Q9900009
12852,ct29-W634-07,ct29,2007-05-22T00:00:00Z,2008-08-01T00:00:00Z,10634,35674,Q9900012
12858,ct29-635-07,ct29,2007-05-25T00:00:00Z,2008-08-01T00:00:00Z,10635,35675,Q9900010
12924,ct37-617-08,ct37,2008-01-17T00:00:00Z,2008-12-01T00:00:00Z,10617,35676,Q9900075
12930,ct37-618-08,ct37,2008-01-17T00:00:00Z,2008-12-01T00:00:00Z,10618,35677,Q9900076
5400,ct3-9118-04,ct3,2004-02-23T00:00:00Z,2005-11-10T21:06:05Z,9118,17217, 
12942,ct37-620-08,ct37,2008-01-17T00:00:00Z,2008-12-01T00:00:00Z,10620,35680,Q9900078
12948,ct37-621-08,ct37,2008-01-17T00:00:00Z,2008-12-01T00:00:00Z,10621,35681,Q9900079
12954,ct30-S-07,ct30,2007-06-06T00:00:00Z,2007-12-01T00:00:00Z,10585,35682,Q9900013
12960,ct30-T-07,ct30,2007-06-06T00:00:00Z,2008-01-31T00:00:00Z,10587,35683,Q9900014
12966,ct41-588-08,ct41,2008-02-01T00:00:00Z,2008-11-01T00:00:00Z,10588,35894, 
12972,ct37-590-08,ct37,2008-01-17T00:00:00Z,2008-12-01T00:00:00Z,10590,35685,Q9900073
12978,ct37-598-08,ct37,2008-01-17T00:00:00Z,2008-12-01T00:00:00Z,10598,35686,Q9900074
12984,ct30-X-07,ct30,2007-05-31T00:00:00Z,2008-01-31T00:00:00Z,10615,35690,Q9900015
12990,ct30-Y-07,ct30,2007-05-30T00:00:00Z,2008-01-31T00:00:00Z,10613,35894,Q9900016
13152,ct32x-F150-08,ct32x,2008-03-23T00:00:00Z,2008-08-01T00:00:00Z,10672,40960,Q9900024
13158,ct32x-F175-08,ct32x,2008-03-22T00:00:00Z,2009-04-01T00:00:00Z,10673,40961,Q9900026
13164,ct32x-F110-08,ct32x,2008-03-23T00:00:00Z,2008-08-01T00:00:00Z,10651,40988,Q9900020
13170,ct32x-F119-08,ct32x,2008-03-22T00:00:00Z,2008-08-01T00:00:00Z,10646,41009,Q9900022
13176,ct32x-F115-08,ct32x,2008-03-22T00:00:00Z,2008-08-01T00:00:00Z,10647,41010,Q9900021
13188,ct32x-F93-08,ct32x,2008-03-22T00:00:00Z,2008-08-01T00:00:00Z,10663,41081,Q9900031
13194,ct32-Mj98-07,ct32,2007-07-14T00:00:00Z,2008-06-01T00:00:00Z,10649,41106,Q9900019
13200,ct32-Fp36-07,ct32,2007-07-31T00:00:00Z,2008-06-01T00:00:00Z,10666,41108,Q9900017
13206,ct32x-F30-08,ct32x,2008-03-22T00:00:00Z,2008-08-01T00:00:00Z,10671,41110,Q9900028
13212,ct32x-M225-08,ct32x,2008-03-22T00:00:00Z,2008-08-01T00:00:00Z,10659,41112,Q9900032
13218,ct32x-F154-08,ct32x,2008-03-25T00:00:00Z,2008-08-01T00:00:00Z,10643,41122,Q9900025
13224,ct32x-M39-08,ct32x,2008-03-23T00:00:00Z,2009-06-01T00:00:00Z,10660,41123,Q9900034
13230,ct32x-F147-08,ct32x,2008-03-23T00:00:00Z,2008-08-01T00:00:00Z,10645,41125,Q9900023
13236,ct32x-F180-08,ct32x,2008-03-23T00:00:00Z,2008-08-01T00:00:00Z,10698,41129,Q9900027
13242,ct32-M171-07,ct32,2007-07-31T00:00:00Z,2008-06-01T00:00:00Z,10644,41131,Q9900018
9576,ct11-10064-05,ct11,2005-08-10T00:00:00Z,2005-11-11T16:42:59Z,10064,43833, 
9600,ct11-10096-05,ct11,2005-08-10T00:00:00Z,2005-11-05T15:03:34Z,10096,43837, 
9606,ct14-105-06,ct14,2006-01-10T00:00:00Z,2006-07-01T00:00:00Z,10105,14759, 
9612,ct12-107-05,ct12,2005-06-29T00:00:00Z,2005-11-01T00:00:00Z,10107,24178, 
9618,ct14-103-06,ct14,2006-01-10T00:00:00Z,2006-07-01T00:00:00Z,10103,14749, 
9636,ct12-098-05,ct12,2005-06-21T00:00:00Z,2005-10-20T00:00:00Z,10098,28592, 
9654,ct14-104-06,ct14,2006-01-10T00:00:00Z,2006-07-01T00:00:00Z,10104,14751, 
13620,ct28-574r-07,ct28,2007-02-23T00:00:00Z,2007-09-01T00:00:00Z,10574,972771, 
13626,ct28-575r-07,ct28,2007-02-23T00:00:00Z,2007-09-01T00:00:00Z,10575,972775, 
13662,ct33-PO043-07,ct33,2008-02-08T00:00:00Z,2008-11-06T00:00:00Z,10670,78104,Q9900039
13668,ct33-OO418-07,ct33,2008-02-10T00:00:00Z,2008-07-01T00:00:00Z,10681,78106,Q9900038
9792,ct6-10017-05,ct6,2005-01-11T00:00:00Z,2005-11-01T00:00:00Z,10017,43871, 
10008,ct13-059-05,ct13,2005-07-20T00:00:00Z,2006-02-01T00:00:00Z,10059,22925, 
13716,ct34-2464-08,ct34,2008-01-01T00:00:00Z,2009-01-01T00:00:00Z,10667,41147,Q9900053
13722,ct34-2453-08,ct34,2008-01-01T00:00:00Z,2009-01-01T00:00:00Z,10669,77976,Q9900048
13734,ct34-2447-08,ct34,2008-01-01T00:00:00Z,2009-01-01T00:00:00Z,10690,77979,Q9900045
13740,ct34-2480-08,ct34,2008-01-01T00:00:00Z,2009-01-01T00:00:00Z,10693,77980,Q9900058
13752,ct34-2470-08,ct34,2008-01-01T00:00:00Z,2009-01-01T00:00:00Z,10699,77982,Q9900055
13758,ct34-2444-08,ct34,2008-01-01T00:00:00Z,2009-01-01T00:00:00Z,10707,77984,Q9900044
13764,ct34-2458-08,ct34,2008-01-01T00:00:00Z,2009-01-01T00:00:00Z,10721,77985,Q9900050
13770,ct34-2442-08,ct34,2008-01-01T00:00:00Z,2009-01-01T00:00:00Z,10723,77986,Q9900043
13776,ct34-2484-08,ct34,2008-01-01T00:00:00Z,2009-01-01T00:00:00Z,10724,77987,Q9900060
13782,ct34-2499-08,ct34,2008-01-01T00:00:00Z,2009-01-01T00:00:00Z,10725,77988,Q9900061
13788,ct34-2449-08,ct34,2008-01-01T00:00:00Z,2009-01-01T00:00:00Z,10726,77989,Q9900046
13794,ct34-2460-08,ct34,2008-01-01T00:00:00Z,2009-01-01T00:00:00Z,10727,77990,Q9900051
13800,ct34-2482-08,ct34,2008-01-01T00:00:00Z,2009-01-01T00:00:00Z,10733,77991,Q9900059
13806,ct34-2451-08,ct34,2008-01-01T00:00:00Z,2009-01-01T00:00:00Z,10735,77993,Q9900047
13818,ct35-YY070-07,ct35,2007-11-01T00:00:00Z,2008-01-01T00:00:00Z,10689,60043,Q9900066
13824,ct35-RR483-07,ct35,2007-11-03T00:00:00Z,2008-02-05T00:00:00Z,10691,60044,Q9900064
13830,ct35-YY193a-07,ct35,2007-10-31T00:00:00Z,2008-01-20T00:00:00Z,10694,60045,Q9900067
13836,ct35-YY348a-07,ct35,2007-11-03T00:00:00Z,2008-01-25T00:00:00Z,10706,60046,Q9900071
13854,ct36-R1-09,ct36,2008-12-26T00:00:00Z,2009-03-01T00:00:00Z,10736,77142,Q9900186
13872,ct36-R4-09,ct36,2009-01-23T00:00:00Z,2009-07-01T00:00:00Z,10744,77145,Q9900189
13878,ct56-R746-10,ct56,2009-11-19T00:00:00Z,2010-06-01T00:00:00Z,10746,77146,Q9900296
13884,ct56-R760-10,ct56,2009-11-19T00:00:00Z,2010-12-01T00:00:00Z,10760,77147,Q9900297
13890,ct56-R779-10,ct56,2009-11-19T00:00:00Z,2010-12-20T00:00:00Z,10779,77148,Q9900299
13896,ct36-A-09,ct36,2009-02-07T00:00:00Z,2009-07-01T00:00:00Z,10737,77136,Q9900180
13902,ct36-B-09,ct36,2009-01-11T00:00:00Z,2009-10-01T00:00:00Z,10738,77137,Q9900181
13914,ct36-D-09,ct36,2009-01-31T00:00:00Z,2010-01-01T00:00:00Z,10741,77139,Q9900183
13920,ct36-E-09,ct36,2009-01-25T00:00:00Z,2009-05-01T00:00:00Z,10742,77140,Q9900184
13926,ct36-F-09,ct36,2009-02-02T00:00:00Z,2009-11-01T00:00:00Z,10745,77141,Q9900185
10248,ct17-f100-06,ct17,2006-02-07T00:00:00Z,2006-05-01T00:00:00Z,10100,13367, 
10272,wd1-10165-06,wd1,2006-02-14T00:00:00Z,2006-11-01T00:00:00Z,10165,33095, 
10284,wd1-10217-06,wd1,2006-02-14T00:00:00Z,2006-11-01T00:00:00Z,10217,33096, 
10290,wd1-10183-06,wd1,2006-02-14T00:00:00Z,2006-11-01T00:00:00Z,10183,33097, 
10296,wd1-10213-06,wd1,2006-02-14T00:00:00Z,2006-11-01T00:00:00Z,10213,33098, 
10302,wd1-10216-06,wd1,2006-02-14T00:00:00Z,2006-11-01T00:00:00Z,10216,33100, 
26346,ct88-243-12,ct88,2012-01-26T00:00:00Z,2012-11-01T00:00:00Z,12243,113874,Q9900465
26352,ct88-244-12,ct88,2012-01-26T00:00:00Z,2012-11-01T00:00:00Z,12244,113875,Q9900466
26358,ct88-235-12,ct88,2012-01-26T00:00:00Z,2012-11-01T00:00:00Z,12235,113876,Q9900467
26364,ct88-247-12,ct88,2012-02-01T00:00:00Z,2012-12-01T00:00:00Z,12247,113877,Q9900468
26370,ct88-258-12,ct88,2012-01-26T00:00:00Z,2012-12-30T00:00:00Z,12258,113878,Q9900469
26412,ct79-238-12,ct79,2012-01-25T00:00:00Z,2012-12-01T00:00:00Z,12238,113380,Q9900449
26418,ct79-242-12,ct79,2012-01-01T00:00:00Z,2012-07-01T00:00:00Z,12242,113381,Q9900526
26430,ct85-246-12,ct85,2014-01-27T00:00:00Z,2014-12-04T10:14:32Z,12246,113383,Q9900628
26442,ct85-250-12,ct85,2014-01-27T00:00:00Z,2014-12-04T10:14:32Z,12250,113385,Q9900629
26454,ct100-251-13,ct100,2013-02-21T00:00:00Z,2014-11-30T18:08:31Z,12251,113386,Q9900582
26460,ct85-252-12,ct85,2014-01-27T00:00:00Z,2014-12-04T10:14:32Z,12252,113387,Q9900630
26466,ct85-254-12,ct85,2014-01-27T00:00:00Z,2014-12-04T10:14:32Z,12254,113388,Q9900631
26484,ct85-257-12,ct85,2014-01-27T00:00:00Z,2014-12-04T10:14:32Z,12257,113391,Q9900634
26490,ct79-259-12,ct79,2012-01-01T00:00:00Z,2012-10-01T00:00:00Z,12259,113392,Q9900527
26502,ct108-297-13,ct108,2014-07-15T00:00:00Z,2014-12-31T00:00:00Z,12297,113394,Q9900690
26508,ct100-298-13,ct100,2013-02-21T00:00:00Z,2014-11-30T18:08:31Z,12298,113395,Q9900585
26520,ct108-300-13,ct108,2014-07-15T00:00:00Z,2014-12-31T00:00:00Z,12300,113397,Q9900691
26532,ct100-264-13,ct100,2013-02-21T00:00:00Z,2014-11-30T18:08:31Z,12264,113399,Q9900584
26556,ct100-263-13,ct100,2013-02-21T00:00:00Z,2014-11-30T18:08:31Z,12263,113402,Q9900583
26658,ft11-Cy07b-12,ft11,2012-02-05T00:00:00Z,2012-10-01T00:00:00Z,11404,49771,Q9900530
26664,ft11-Cy26b-12,ft11,2012-02-05T00:00:00Z,2012-05-01T00:00:00Z,11617,103729,Q9900531
24846,ct77-177-12,ct77,2012-01-01T00:00:00Z,2012-11-01T00:00:00Z,12177,113369,Q9900489
33246,ft12-F1-12,ft12,2012-10-26T00:00:00Z,2013-02-01T00:00:00Z,12454,120670, 
33252,ft12-F2-12,ft12,2012-10-26T00:00:00Z,2013-02-01T00:00:00Z,12453,120671, 
33258,ft12-F3-12,ft12,2012-10-26T00:00:00Z,2016-02-03T12:36:32Z,12452,120672, 
33264,ft12-F4-12,ft12,2012-10-26T00:00:00Z,2013-02-01T00:00:00Z,12451,120673, 
33366,ct95-C1-12,ct95,2012-10-30T00:00:00Z,2013-01-20T00:00:00Z,12521,120674,Q9900554
33372,ct95-C2-12,ct95,2012-10-30T00:00:00Z,2013-02-10T00:00:00Z,12552,120675,Q9900555
33486,ct96-01-13,ct96,2013-02-05T00:00:00Z,2014-02-01T00:00:00Z,12553,122355,Q9900571
33492,ct96-02-13,ct96,2013-02-11T00:00:00Z,2014-02-01T00:00:00Z,12554,122356,Q9900556
33498,ct96-03-13,ct96,2013-02-11T00:00:00Z,2014-02-01T00:00:00Z,12555,122357,Q9900557
33510,ct96-05-13,ct96,2013-02-05T00:00:00Z,2014-02-01T00:00:00Z,12557,122359,Q9900572
33516,ct96-06-13,ct96,2013-02-05T00:00:00Z,2014-02-01T00:00:00Z,12561,122360,Q9900573
33522,ct96-07-13,ct96,2013-02-05T00:00:00Z,2014-02-01T00:00:00Z,12562,122361,Q9900558
33528,ct96-08-13,ct96,2013-02-05T00:00:00Z,2014-02-01T00:00:00Z,12563,122362,Q9900559
33534,ct96-09-13,ct96,2013-02-05T00:00:00Z,2014-02-01T00:00:00Z,12564,122363,Q9900574
33540,ct96-10-13,ct96,2013-02-05T00:00:00Z,2014-02-01T00:00:00Z,12565,122364,Q9900575
18108,ft03-Cy11038-09,ft03,2009-10-01T00:00:00Z,2010-04-01T00:00:00Z,11038,86366,Q9900172
18186,ft03-Cy1-09,ft03,2009-10-01T00:00:00Z,2010-03-10T00:00:00Z,11263,86364, 
18192,ft03-Cy2-09,ft03,2009-10-01T00:00:00Z,2010-04-01T00:00:00Z,11262,86367, 
18198,ft03-Cy3-09,ft03,2009-10-01T00:00:00Z,2010-03-10T00:00:00Z,11254,79678, 
18204,ft03-Cy4-09,ft03,2009-10-01T00:00:00Z,2010-03-10T00:00:00Z,11260,79683, 
18210,ft03-Cy5-09,ft03,2009-10-01T00:00:00Z,2010-03-10T00:00:00Z,11259,79682, 
21996,ct74-723-11,ct74,2011-01-21T00:00:00Z,2011-12-16T00:00:00Z,11723,101146,Q9900381
22008,ct74-710-11,ct74,2011-01-21T00:00:00Z,2011-09-22T00:00:00Z,11710,101148,Q9900375
22014,ct74-707-11,ct74,2011-01-21T00:00:00Z,2011-11-26T00:00:00Z,11707,101149,Q9900373
22026,ct74-794-11,ct74,2011-01-21T00:00:00Z,2011-11-10T00:00:00Z,11794,101151,Q9900384
22044,ct74-702-11,ct74,2011-01-21T00:00:00Z,2011-12-02T00:00:00Z,11702,101154,Q9900372
22050,ct74-712-11,ct74,2011-01-21T00:00:00Z,2011-11-02T00:00:00Z,11712,101155,Q9900377
22056,ct74-720-11,ct74,2011-01-21T00:00:00Z,2011-10-18T00:00:00Z,11720,101156,Q9900378
22062,ct74-711-11,ct74,2011-01-21T00:00:00Z,2011-09-21T00:00:00Z,11711,101157,Q9900376
22068,ct74-721-11,ct74,2011-01-21T00:00:00Z,2011-11-12T00:00:00Z,11721,101158,Q9900379
22074,ct74-709-11,ct74,2011-01-21T00:00:00Z,2011-06-17T00:00:00Z,11709,101159,Q9900374
22086,ct74-757-11,ct74,2011-01-21T00:00:00Z,2011-12-13T00:00:00Z,11757,101161,Q9900383
22098,ct75-838-11,ct75,2011-10-02T00:00:00Z,2013-01-01T00:00:00Z,10838,90078, 
27378,ct88-795-12,ct88,2012-02-01T00:00:00Z,2012-05-01T00:00:00Z,11795,101147, 
27486,ct74-724r-11,ct74,2011-01-21T00:00:00Z,2011-10-20T00:00:00Z,11724,9101162, 
27492,ct74-698r-11,ct74,2011-01-21T00:00:00Z,2011-11-15T00:00:00Z,11698,9101160, 
27498,ct74-795r-11,ct74,2011-01-21T00:00:00Z,2011-11-03T00:00:00Z,11795,9101147, 
34446,ct96-11-13,ct96,2013-02-05T00:00:00Z,2014-02-01T00:00:00Z,12566,122365,Q9900576
34566,ct96-12-13,ct96,2013-02-05T00:00:00Z,2014-02-01T00:00:00Z,12619,122366,Q9900577
34578,ct96-14-13,ct96,2013-02-05T00:00:00Z,2014-02-01T00:00:00Z,12620,122368,Q9900578
34590,ct96-16-13,ct96,2013-02-05T00:00:00Z,2014-02-01T00:00:00Z,12569,122370,Q9900560
34596,ct96-17-13,ct96,2013-02-05T00:00:00Z,2014-02-01T00:00:00Z,12641,122371,Q9900579
34602,ct96-18-13,ct96,2013-02-05T00:00:00Z,2014-02-01T00:00:00Z,12623,122372,Q9900561
34608,ct96-19-13,ct96,2013-02-05T00:00:00Z,2014-02-01T00:00:00Z,12631,122373,Q9900562
34626,ct96-20-13,ct96,2013-02-05T00:00:00Z,2014-02-01T00:00:00Z,12603,122374,Q9900563
34632,ct96-21-13,ct96,2013-02-05T00:00:00Z,2014-02-01T00:00:00Z,12632,122375,Q9900564
34638,ct96-22-13,ct96,2013-02-05T00:00:00Z,2014-02-01T00:00:00Z,12630,122376, 
18300,ct52-M64-09,ct52,2009-09-05T00:00:00Z,2010-07-30T00:00:00Z,11110,94891,Q9900216
18312,ct52-F44-09,ct52,2009-09-01T00:00:00Z,2010-03-01T00:00:00Z,11212,94893,Q9900218
18318,ct52-M52-09,ct52,2009-09-05T00:00:00Z,2010-07-30T00:00:00Z,11214,94894,Q9900219
18324,ct52-M77-09,ct52,2009-09-10T00:00:00Z,2010-07-30T00:00:00Z,11250,94895,Q9900221
18330,ct52-M65-09,ct52,2009-09-13T00:00:00Z,2010-07-30T00:00:00Z,11266,94896,Q9900224
18336,ct52-F47-09,ct52,2009-09-02T00:00:00Z,2010-07-30T00:00:00Z,11267,94897,Q9900225
18342,ct52-M43-09,ct52,2009-09-03T00:00:00Z,2010-07-30T00:00:00Z,11268,94898,Q9900226
18354,ct52-F60-09,ct52,2009-09-02T00:00:00Z,2010-07-30T00:00:00Z,11281,94900,Q9900228
18360,ct52-M51-09,ct52,2009-09-04T00:00:00Z,2010-07-30T00:00:00Z,11279,94901,Q9900227
18366,ct52-M56-09,ct52,2009-09-04T00:00:00Z,2010-07-30T00:00:00Z,11282,94902,Q9900229
18372,ct52-F41-09,ct52,2009-09-01T00:00:00Z,2010-07-30T00:00:00Z,11265,94903,Q9900223
18378,ct52-F66-09,ct52,2009-09-01T00:00:00Z,2010-07-30T00:00:00Z,11283,94904,Q9900230
18390,ct53-583b-09,ct53,2009-05-01T00:00:00Z,2010-01-30T00:00:00Z,10583,35686,Q9900211
18486,ct54-496-10,ct54,2010-03-18T00:00:00Z,2010-12-31T00:00:00Z,11287,96496,Q9900263
22278,ct76-825-11,ct76,2011-02-06T00:00:00Z,2011-06-01T00:00:00Z,11825,55972, 
22290,ct76-073-11,ct76,2011-02-06T00:00:00Z,2011-08-01T00:00:00Z,11073,55956, 
22296,ft07-Cy21-11,ft07,2011-01-24T00:00:00Z,2011-02-21T00:00:00Z,11630,103724,Q9900406
22302,ft07-Cy22-11,ft07,2011-01-26T00:00:00Z,2011-05-01T00:00:00Z,11628,103725,Q9900407
22314,ft07-Cy24-11,ft07,2011-01-21T00:00:00Z,2011-10-01T00:00:00Z,11615,103727,Q9900408
22320,ft07-Cy25-11,ft07,2011-02-16T00:00:00Z,2011-11-01T00:00:00Z,11629,103728,Q9900409
22326,ft07-Cy26-11,ft07,2011-02-12T00:00:00Z,2011-11-01T00:00:00Z,11617,103729,Q9900410
22338,ft07-Cy28-11,ft07,2011-02-11T00:00:00Z,2011-11-01T00:00:00Z,11548,103731,Q9900412
22344,ft10-Ox02-11,ft10,2011-10-10T00:00:00Z,2012-01-07T00:00:00Z,11853,103732, 
22350,ct78-498-12,ct78,2012-01-01T00:00:00Z,2012-11-01T00:00:00Z,11498,104914,Q9900516
22356,ct78d-D704-11,ct78d,2011-02-22T00:00:00Z,2012-03-01T00:00:00Z,11704,104913,Q9900427
22362,ct77-824-12,ct77,2012-01-01T00:00:00Z,2013-01-01T00:00:00Z,11824,104912,Q9900505
22368,ct78d-D703-11,ct78d,2011-02-22T00:00:00Z,2011-09-01T00:00:00Z,11703,104915,Q9900426
22374,ct78-829-12,ct78,2012-01-01T00:00:00Z,2012-12-01T00:00:00Z,11829,104920,Q9900523
22380,ct78-826-12,ct78,2012-01-01T00:00:00Z,2012-11-01T00:00:00Z,11826,104917,Q9900521
22386,ct77-652-12,ct77,2012-01-01T00:00:00Z,2012-12-01T00:00:00Z,11652,104916,Q9900502
22392,ct78-828-12,ct78,2012-01-01T00:00:00Z,2012-11-01T00:00:00Z,11828,104918,Q9900522
22398,ct78d-D677-11,ct78d,2011-02-22T00:00:00Z,2012-01-01T00:00:00Z,11677,104919,Q9900425
22410,ct78d-D496-11,ct78d,2011-02-22T00:00:00Z,2011-12-01T00:00:00Z,11496,104922,Q9900424
22416,ct78-700-12,ct78,2012-01-01T00:00:00Z,2013-02-01T00:00:00Z,11700,104923,Q9900518
22422,ct78-851-12,ct78,2012-01-01T00:00:00Z,2012-08-01T00:00:00Z,11851,104924,Q9900524
22428,ct78d-D827-11,ct78d,2011-02-22T00:00:00Z,2012-03-01T00:00:00Z,11827,104925,Q9900431
22434,ct78-821-12,ct78,2012-01-01T00:00:00Z,2013-02-01T00:00:00Z,11821,104926,Q9900520
22440,ct78-892-12,ct78,2012-02-06T00:00:00Z,2012-04-10T00:00:00Z,11892,104927,Q9900453
22446,ct78d-760-11,ct78d,2011-02-22T00:00:00Z,2012-06-01T00:00:00Z,11760,104928,Q9900428
22452,ct78-523-12,ct78,2012-01-01T00:00:00Z,2012-05-01T00:00:00Z,11523,104929,Q9900517
22476,ct78-875-12,ct78,2012-02-05T00:00:00Z,2012-06-01T00:00:00Z,11875,104933,Q9900450
27972,ct86-364_2-11,ct86,2011-12-13T22:00:00Z,2012-04-01T00:00:00Z,11364,55961,Q9900543
27978,ct86-402_2-11,ct86,2011-12-14T00:00:00Z,2012-03-01T00:00:00Z,11402,55977,Q9900544
28092,ct76-364r-11,ct76,2011-02-05T00:00:00Z,2011-08-01T00:00:00Z,11364,9055961, 
28212,ct89-328-12,ct89,2012-02-15T00:00:00Z,2012-06-02T00:00:00Z,12328,115465, 
28218,ct89-302-12,ct89,2012-02-15T00:00:00Z,2012-06-02T00:00:00Z,12302,115466,Q9900470
34644,ct96-23-13,ct96,2013-02-05T00:00:00Z,2014-02-01T00:00:00Z,12622,122377,Q9900565
34650,ct96-24-13,ct96,2013-02-05T00:00:00Z,2014-02-01T00:00:00Z,12661,122378,Q9900566
34656,ct96-25-13,ct96,2013-02-05T00:00:00Z,2014-02-01T00:00:00Z,12665,122379,Q9900580
34662,ct96-26-13,ct96,2013-02-05T00:00:00Z,2014-02-01T00:00:00Z,12664,122380,Q9900567
34668,ct96-27-13,ct96,2013-02-05T00:00:00Z,2014-02-01T00:00:00Z,12662,122381,Q9900568
34674,ct96-28-13,ct96,2013-02-05T00:00:00Z,2014-02-01T00:00:00Z,12663,122382,Q9900581
34680,ct96-29-13,ct96,2013-02-05T00:00:00Z,2014-02-01T00:00:00Z,12617,122383,Q9900569
34686,ct96-30-13,ct96,2013-02-05T00:00:00Z,2014-02-01T00:00:00Z,12625,122384,Q9900570
35130,ft12-Ox04-12,ft12,2012-10-22T00:00:00Z,2016-02-03T12:36:32Z,12116,109799, 
35136,ft12-Ox03-12,ft12,2012-10-22T00:00:00Z,2016-02-03T12:36:32Z,12119,109798, 
18498,ct54-498-10,ct54,2010-03-18T00:00:00Z,2010-12-31T00:00:00Z,11288,96498,Q9900264
18510,ct54-500-10,ct54,2010-03-18T00:00:00Z,2010-12-31T00:00:00Z,11284,96500,Q9900260
18516,ct54-501-10,ct54,2010-03-18T00:00:00Z,2010-12-31T00:00:00Z,11211,96501,Q9900255
18522,ct54-502-10,ct54,2010-03-18T00:00:00Z,2010-12-31T00:00:00Z,11264,96502,Q9900258
18528,ct54-503-10,ct54,2010-03-18T00:00:00Z,2010-12-31T00:00:00Z,11251,96503,Q9900256
18540,ct54-505-10,ct54,2010-03-18T00:00:00Z,2010-12-31T00:00:00Z,11280,96505,Q9900259
18666,ct55-11299-10,ct55,2010-03-21T00:00:00Z,2010-07-01T00:00:00Z,11299,67999,Q9900267
18672,ct55-11300-10,ct55,2010-03-21T00:00:00Z,2011-02-01T00:00:00Z,11300,68000,Q9900268
18678,ct55-11224-10,ct55,2010-03-21T00:00:00Z,2010-07-01T00:00:00Z,11224,68001,Q9900265
18690,ct55-11314-10,ct55,2010-03-21T00:00:00Z,2010-07-01T00:00:00Z,11314,68016,Q9900269
18696,ct56-M665-10,ct56,2009-11-19T00:00:00Z,2010-12-01T00:00:00Z,10665,69041,Q9900231
18708,ct75-839-11,ct75,2011-10-02T00:00:00Z,2013-01-01T00:00:00Z,10839,90079, 
18714,ct56-M798-10,ct56,2009-11-19T00:00:00Z,2010-12-01T00:00:00Z,10798,69044,Q9900232
22488,ct78-852-12,ct78,2012-01-01T00:00:00Z,2013-03-01T00:00:00Z,11852,104937,Q9900525
22494,ct77-891-12,ct77,2012-01-01T00:00:00Z,2012-05-01T00:00:00Z,11891,104935,Q9900507
22500,ct77-701-12,ct77,2012-01-01T00:00:00Z,2013-02-01T00:00:00Z,11701,104936,Q9900503
22506,ct78-758-12,ct78,2012-01-01T00:00:00Z,2015-11-03T15:55:45Z,11758,104938, 
22512,ct77-854-12,ct77,2012-01-01T00:00:00Z,2012-12-01T00:00:00Z,11854,104939,Q9900506
22518,ct78d-D761-11,ct78d,2011-02-22T00:00:00Z,2011-09-01T00:00:00Z,11761,104940,Q9900429
22524,ct78-820-12,ct78,2012-01-01T00:00:00Z,2013-02-01T00:00:00Z,11820,104941,Q9900519
22530,ct78d-D850-11,ct78d,2011-02-22T00:00:00Z,2012-03-01T00:00:00Z,11850,104942,Q9900432
22536,ct77-823-12,ct77,2012-01-01T00:00:00Z,2012-10-01T00:00:00Z,11823,104943,Q9900504
22542,ct78-706-12,ct78,2012-01-01T00:00:00Z,2013-02-01T00:00:00Z,11706,104944,Q9900472
22548,ct78-497-12,ct78,2012-01-01T00:00:00Z,2012-11-01T00:00:00Z,11497,104945,Q9900515
22716,ct74-796-11,ct74,2011-01-21T00:00:00Z,2011-11-03T00:00:00Z,11796,101152,Q9900386
22722,ct74-rb431-11,ct74,2011-01-21T00:00:00Z,2011-08-15T00:00:00Z,11431,98215, 
29532,ct90-317-12,ct90,2012-10-31T00:00:00Z,2013-02-01T00:00:00Z,11317,118301, 
35646,ft13-618-12,ft13,2013-04-03T00:00:00Z,2013-05-28T00:00:00Z,12618,123167,Q9900603
35682,ct106-614-12,ct106,2014-03-21T18:00:00Z,2016-02-03T12:37:39Z,12614,123170,Q9900688
35688,ft13-615-12,ft13,2013-02-28T00:00:00Z,2013-07-15T00:00:00Z,12615,123171,Q9900601
35694,ft13-627-12,ft13,2013-02-27T00:00:00Z,2013-06-15T00:00:00Z,12627,123172,Q9900604
35700,ft13-628_recov-12,ft13,2013-04-03T00:00:00Z,2013-09-01T00:00:00Z,12628,9123173,Q9900605
35706,ft13-633_recov-12,ft13,2013-02-27T00:00:00Z,2013-08-21T00:00:00Z,12633,9123174,Q9900606
35766,ft12-Cy35-12,ft12,2012-10-01T00:00:00Z,2016-02-03T12:36:32Z,12078,109805, 
18786,ct57-L476-10,ct57,2010-02-20T00:00:00Z,2011-09-01T00:00:00Z,11301,98476,Q9900271
18792,ct57-L477-10,ct57,2010-02-20T00:00:00Z,2011-09-01T00:00:00Z,11318,98477,Q9900273
18798,ct57-L478-10,ct57,2010-02-20T00:00:00Z,2011-09-01T00:00:00Z,11330,98478,Q9900278
18804,ct57-L479-10,ct57,2010-02-20T00:00:00Z,2011-09-01T00:00:00Z,11331,98479,Q9900279
18810,ct57-L480-10,ct57,2010-02-20T00:00:00Z,2011-09-01T00:00:00Z,11329,98480,Q9900277
18828,ct57-W483-10,ct57,2010-02-20T00:00:00Z,2011-09-01T00:00:00Z,11297,98483,Q9900270
18840,ct58-11317-09,ct58,2009-10-31T00:00:00Z,2010-07-01T00:00:00Z,11317,2840,Q9900243
18846,ct58-10446-09,ct58,2009-10-23T00:00:00Z,2010-07-01T00:00:00Z,10446,1548, 
18852,ct58-10568-09,ct58,2009-10-20T00:00:00Z,2010-07-01T00:00:00Z,10568,1554,Q9900236
18858,ct58-10971-09,ct58,2009-10-27T00:00:00Z,2010-07-01T00:00:00Z,10971,2442,Q9900237
18864,ct58-11340-09,ct58,2009-10-31T00:00:00Z,2010-07-01T00:00:00Z,11340,48926,Q9900246
18870,ct65-11342-10,ct65,2010-02-24T00:00:00Z,2011-01-01T00:00:00Z,11342,22488,Q9900324
18876,ct58-11333-09,ct58,2009-10-31T00:00:00Z,2010-07-01T00:00:00Z,11333,28487,Q9900245
18894,ct58-11316-09,ct58,2009-10-31T00:00:00Z,2010-07-01T00:00:00Z,11316,43863,Q9900242
18924,ct58-11315-09,ct58,2009-10-31T00:00:00Z,2010-07-01T00:00:00Z,11315,48923,Q9900241
18930,ct58-11332-09,ct58,2009-10-31T00:00:00Z,2010-07-01T00:00:00Z,11332,48924,Q9900244
18936,ct58-10440-09,ct58,2009-10-21T00:00:00Z,2010-07-01T00:00:00Z,10440,48927, 
18942,ct58-10980-09,ct58,2009-10-27T00:00:00Z,2010-07-01T00:00:00Z,10980,48930,Q9900238
22734,ct74-rb426-11,ct74,2011-01-21T00:00:00Z,2011-11-06T00:00:00Z,11426,98219, 
22740,ct74-rb435-11,ct74,2011-01-21T00:00:00Z,2011-07-09T00:00:00Z,11435,98212, 
22746,ct43-858-09,ct43,2009-02-05T00:00:00Z,2009-12-01T00:00:00Z,10858,48929,Q9900214
22758,ct73-846-11,ct73,2011-01-15T00:00:00Z,2011-04-01T00:00:00Z,10846,82074, 
22770,ct73-WW061-11,ct73,2011-01-24T00:00:00Z,2011-12-01T00:00:00Z,10834,82073, 
22914,ct73-YY039-11,ct73,2011-02-11T00:00:00Z,2011-10-28T00:00:00Z,10831,82072, 
19044,ct78d-D398-11,ct78d,2011-02-22T00:00:00Z,2011-11-01T00:00:00Z,11398,44502,Q9900418
19050,ct78d-D400-11,ct78d,2011-02-22T00:00:00Z,2011-11-01T00:00:00Z,11400,44504,Q9900419
19056,ct78d-D361-11,ct78d,2011-02-22T00:00:00Z,2011-10-01T00:00:00Z,11361,44655,Q9900416
19062,ct78d-D351-11,ct78d,2011-02-22T00:00:00Z,2011-08-01T00:00:00Z,11351,44657,Q9900414
19068,ct78d-D358-11,ct78d,2011-02-22T00:00:00Z,2011-11-01T00:00:00Z,11358,44803,Q9900415
19086,ct61-03-09,ct61,2009-11-05T00:00:00Z,2010-07-15T00:00:00Z,11354,55957,Q9900286
19092,ct61-04-09,ct61,2009-11-05T00:00:00Z,2010-04-01T00:00:00Z,11402,55958,Q9900295
19110,ct61-07-09,ct61,2009-11-05T00:00:00Z,2010-07-01T00:00:00Z,11399,55972,Q9900293
19116,ct61-08-09,ct61,2009-11-05T00:00:00Z,2010-01-05T00:00:00Z,11366,55977,Q9900292
19122,ct61-09-09,ct61,2009-11-05T00:00:00Z,2010-07-01T00:00:00Z,11360,42963,Q9900288
19128,ct61-10-09,ct61,2009-11-05T00:00:00Z,2010-06-01T00:00:00Z,11365,52472,Q9900291
23172,ft08-F76Lucy-11,ft08,2011-07-30T00:00:00Z,2012-03-01T00:00:00Z,12014,92567, 
23178,ft08-F66Lilly-11,ft08,2011-07-30T00:00:00Z,2012-03-01T00:00:00Z,12013,92568, 
23184,ft08-F99Zilla-11,ft08,2011-07-29T00:00:00Z,2012-03-01T00:00:00Z,12011,92569, 
23190,ft08-M100Samson-11,ft08,2011-07-20T00:00:00Z,2012-03-01T00:00:00Z,12012,92570, 
23196,ft08-F73Delilah-11,ft08,2011-07-22T00:00:00Z,2012-03-01T00:00:00Z,12004,92571, 
30366,ct101-303-12,ct101,2013-05-22T00:00:00Z,2014-08-01T00:00:00Z,12303,119514,Q9900587
30372,ct91-305-12,ct91,2012-06-11T00:00:00Z,2013-01-01T00:00:00Z,12305,119515,Q9900475
30378,ct91-329-12,ct91,2012-06-11T00:00:00Z,2012-10-14T00:00:00Z,12329,119516,Q9900478
30384,ct91-326-12,ct91,2012-06-11T00:00:00Z,2012-10-01T00:00:00Z,12326,119517,Q9900476
30390,ct91-327-12,ct91,2012-06-11T00:00:00Z,2012-10-14T00:00:00Z,12327,119518,Q9900477
30396,ct101-330-12,ct101,2013-05-22T00:00:00Z,2014-08-01T00:00:00Z,12330,119519,Q9900588
30402,ct91-411-12,ct91,2012-06-11T00:00:00Z,2012-11-01T00:00:00Z,12411,119520,Q9900479
30408,ct91-412-12,ct91,2012-06-11T00:00:00Z,2012-12-01T00:00:00Z,12412,119521,Q9900480
30414,ct91-414-12,ct91,2012-06-11T00:00:00Z,2012-09-14T00:00:00Z,12414,119522,Q9900481
30420,ct101-416-12,ct101,2013-05-22T00:00:00Z,2013-10-01T00:00:00Z,12416,119523,Q9900589
30426,ct91-417-12,ct91,2012-06-11T00:00:00Z,2012-09-14T00:00:00Z,12417,119524,Q9900482
30432,ct91-418-12,ct91,2012-06-11T00:00:00Z,2012-12-01T00:00:00Z,12418,119525,Q9900483
9648,ct12-102-05,ct12,2005-06-29T00:00:00Z,2005-11-01T00:00:00Z,10102,24176, 
19320,ct62-01-10,ct62,2010-02-01T00:00:00Z,2018-01-01T00:00:00Z,10614,49777, 
19326,ct62-02-10,ct62,2010-02-01T00:00:00Z,2010-11-01T00:00:00Z,10744,49778, 
19338,ft04-Cy07-10,ft04,2010-02-08T00:00:00Z,2010-10-01T00:00:00Z,11404,49771,Q9900322
19350,ft04-Cy09-10,ft04,2010-02-12T00:00:00Z,2018-01-01T00:00:00Z,11432,49773, 
19356,ft04-Cy10-10,ft04,2010-02-12T00:00:00Z,2018-01-01T00:00:00Z,11044,49774, 
19362,ft04-Cy11-10,ft04,2010-02-12T00:00:00Z,2010-06-01T00:00:00Z,11042,49775,Q9900323
19380,ct63-430-10,ct63,2010-01-25T00:00:00Z,2010-12-01T00:00:00Z,11430,98214,Q9900302
19398,ct63-433-10,ct63,2010-01-25T00:00:00Z,2010-12-01T00:00:00Z,11433,98217,Q9900305
19422,ct63-447-10,ct63,2010-01-25T00:00:00Z,2010-12-01T00:00:00Z,11447,98221,Q9900309
19428,ct63-446-10,ct63,2010-01-25T00:00:00Z,2010-12-01T00:00:00Z,11446,98222,Q9900310
19434,ct63-445-10,ct63,2010-01-25T00:00:00Z,2010-12-01T00:00:00Z,11445,98223,Q9900311
23208,ft08-M57Jack-11,ft08,2011-07-18T00:00:00Z,2012-03-01T00:00:00Z,12010,92573, 
23214,ft08-M81Brutus-11,ft08,2011-07-24T00:00:00Z,2012-03-01T00:00:00Z,12007,92574, 
23220,ft08-M55Bobben-11,ft08,2011-07-28T00:00:00Z,2012-03-01T00:00:00Z,12015,92575, 
23226,ft08-F61Mari-11,ft08,2011-07-28T00:00:00Z,2012-03-01T00:00:00Z,12016,92576, 
23244,ft08-F72Jill-11,ft08,2011-08-03T14:00:00Z,2012-03-01T00:00:00Z,12009,2846, 
15546,ft02-E-09,ft02,2009-01-18T00:00:00Z,2009-10-01T00:00:00Z,11033,86363,Q9900173
15552,ft02-F-09,ft02,2009-01-12T00:00:00Z,2009-03-01T00:00:00Z,11040,86364,Q9900174
15558,ft02-H-09,ft02,2009-01-18T00:00:00Z,2009-10-01T00:00:00Z,11035,86362,Q9900176
15666,ct46-69040-09,ct46,2009-01-01T00:00:00Z,2009-06-01T00:00:00Z,10986,69040,Q9900144
15672,ct46-69042-09,ct46,2009-01-01T00:00:00Z,2009-09-01T00:00:00Z,10944,69042,Q9900146
15678,ct46-69043-09,ct46,2009-01-01T00:00:00Z,2009-07-01T00:00:00Z,10983,69043,Q9900147
15684,ct46-69044-09,ct46,2009-01-01T00:00:00Z,2009-11-12T00:00:00Z,10880,69044,Q9900148
15690,ct46-69045-09,ct46,2009-01-01T00:00:00Z,2009-05-01T00:00:00Z,10978,69045,Q9900149
15696,ct46-69046-09,ct46,2009-01-01T00:00:00Z,2009-11-01T00:00:00Z,10874,69046,Q9900150
15702,ct46-69047-09,ct46,2009-01-01T00:00:00Z,2009-11-01T00:00:00Z,10881,69047,Q9900151
15708,ct46-69048-09,ct46,2009-01-01T00:00:00Z,2009-12-01T00:00:00Z,10979,69048,Q9900152
15714,ct46-69049-09,ct46,2009-01-01T00:00:00Z,2009-11-01T00:00:00Z,10985,69049,Q9900153
15720,ct56-M981-10,ct56,2009-11-19T00:00:00Z,2018-01-01T00:00:00Z,10981,69040, 
15726,ct47-C-09,ct47,2009-02-08T00:00:00Z,2009-08-01T00:00:00Z,11029,90073, 
19440,ct63-458-10,ct63,2010-01-25T00:00:00Z,2010-12-01T00:00:00Z,11458,98224,Q9900312
19446,ct63-448-10,ct63,2010-01-25T00:00:00Z,2010-12-01T00:00:00Z,11448,98225,Q9900306
19662,ft02-G-09,ft02,2008-12-18T00:00:00Z,2009-10-01T00:00:00Z,11042,86365,Q9900175
6654,ct1-Comet-04,ct1,2004-01-29T00:00:00Z,2005-10-08T17:11:01Z,9912,28507, 
6984,ct3-9935-04,ct3,2004-02-21T00:00:00Z,2004-08-23T20:49:06Z,9935,14676, 
15732,ct47-A-09,ct47,2009-02-08T00:00:00Z,2009-10-01T00:00:00Z,10884,90071, 
15744,ct47-E-09,ct47,2009-02-08T00:00:00Z,2009-06-01T00:00:00Z,11045,90075, 
15750,ct47-F-09,ct47,2009-02-08T00:00:00Z,2009-06-01T00:00:00Z,11046,90076, 
15756,ct47-G-09,ct47,2009-02-08T00:00:00Z,2009-07-01T00:00:00Z,11056,90077, 
15768,ct47-I-09,ct47,2009-02-08T00:00:00Z,2009-10-01T00:00:00Z,11043,90079, 
15774,ct75-030-11,ct75,2011-10-02T00:00:00Z,2013-01-01T00:00:00Z,11030,90080, 
15780,ct75-020-11,ct75,2011-10-02T00:00:00Z,2013-01-01T00:00:00Z,11020,90081, 
15828,ft02-J-09,ft02,2008-12-25T00:00:00Z,2009-10-01T00:00:00Z,11039,86368,Q9900178
15840,ct23x-exF-08,ct23x,2008-12-01T00:00:00Z,2009-07-01T00:00:00Z,10882,86370,Q9900195
15870,ct35x-PO225-08,ct35x,2008-11-09T00:00:00Z,2009-03-01T00:00:00Z,10499,60041,Q9900137
15876,ct35x-GG380-08,ct35x,2008-11-05T00:00:00Z,2009-01-01T00:00:00Z,10658,78102,Q9900136
15900,ct48-047-09,ct48,2009-01-18T00:00:00Z,2009-12-25T00:00:00Z,11047,92122,Q9900157
15906,ct48-021-09,ct48,2009-01-18T00:00:00Z,2009-12-25T00:00:00Z,11021,92123,Q9900154
15912,ct48-032-09,ct48,2009-01-18T00:00:00Z,2009-12-25T00:00:00Z,11032,92124,Q9900155
15918,ct48-051-09,ct48,2009-01-18T00:00:00Z,2009-12-25T00:00:00Z,11051,92125,Q9900159
15924,ct48-041-09,ct48,2009-01-18T00:00:00Z,2009-12-25T00:00:00Z,11041,92126,Q9900156
15936,ct48-050-09,ct48,2009-01-18T00:00:00Z,2009-12-25T00:00:00Z,11050,92129,Q9900158
15942,ct48-057-09,ct48,2009-01-18T00:00:00Z,2009-12-25T00:00:00Z,11057,92130,Q9900160
19746,ct77-469-12,ct77,2012-01-01T00:00:00Z,2012-08-01T00:00:00Z,11469,54591,Q9900498
19752,ct78-461-12,ct78,2012-01-01T00:00:00Z,2012-11-01T00:00:00Z,11461,54592,Q9900511
19758,ct78-460-12,ct78,2012-01-01T00:00:00Z,2015-11-03T15:55:45Z,11460,54593, 
19770,ct78-450-12,ct78,2012-01-01T00:00:00Z,2012-11-01T00:00:00Z,11450,54617,Q9900509
19776,ct77-485-12,ct77,2012-01-01T00:00:00Z,2012-11-01T00:00:00Z,11485,54618,Q9900500
19782,ct77-473-12,ct77,2012-01-01T00:00:00Z,2012-08-01T00:00:00Z,11473,54633,Q9900499
19800,ct78-459-12,ct78,2012-01-01T00:00:00Z,2012-11-01T00:00:00Z,11459,54644,Q9900510
19806,ct78d-D489-11,ct78d,2011-02-22T00:00:00Z,2011-05-01T00:00:00Z,11489,54652,Q9900423
19812,ct78d-D408-11,ct78d,2011-02-22T00:00:00Z,2011-09-01T00:00:00Z,11408,54661,Q9900420
19818,ct78d-D484-11,ct78d,2011-02-22T00:00:00Z,2011-12-01T00:00:00Z,11484,54664,Q9900421
19824,ct78d-D487-11,ct78d,2011-02-22T00:00:00Z,2011-12-01T00:00:00Z,11487,54696,Q9900422
19830,ct77-492-12,ct77,2012-01-01T00:00:00Z,2012-09-01T00:00:00Z,11492,54720,Q9900501
19836,ct64-M721-09,ct64,2010-01-01T00:00:00Z,2010-12-01T00:00:00Z,11454,54721,Q9900336
19842,ct64-M746-09,ct64,2010-01-01T00:00:00Z,2010-12-01T00:00:00Z,11449,54746,Q9900335
19848,ct64-M752-09,ct64,2010-01-01T00:00:00Z,2010-12-01T00:00:00Z,11464,54752,Q9900334
19854,ct64-M979-09,ct64,2010-01-01T00:00:00Z,2010-12-01T00:00:00Z,11465,54979,Q9900321
19860,ct64-M994-09,ct64,2010-01-01T00:00:00Z,2010-12-01T00:00:00Z,11457,54994,Q9900329
19872,ct64-M036-09,ct64,2010-01-01T00:00:00Z,2010-12-01T00:00:00Z,11452,55036,Q9900316
19878,ct64-M037-09,ct64,2010-01-17T00:00:00Z,2010-12-01T00:00:00Z,11453,55037,Q9900317
19884,ct64-M040-09,ct64,2010-01-01T00:00:00Z,2010-12-01T00:00:00Z,11462,55040,Q9900318
19890,ct64-M043-09,ct64,2010-01-01T00:00:00Z,2010-12-01T00:00:00Z,11463,55043,Q9900319
19896,ct64-M044-09,ct64,2010-01-01T00:00:00Z,2010-12-01T00:00:00Z,11467,55044,Q9900332
19902,ct64-M052-09,ct64,2010-01-01T00:00:00Z,2010-12-01T00:00:00Z,11466,55052,Q9900331
19908,ct64-M053-09,ct64,2010-01-01T00:00:00Z,2010-12-01T00:00:00Z,11455,55053,Q9900320
19914,ct64-M059-09,ct64,2010-01-01T00:00:00Z,2010-12-21T00:00:00Z,11470,55059,Q9900330
23688,ft09-048-11,ft09,2011-06-04T00:00:00Z,2012-01-01T00:00:00Z,11260,62048, 
23700,ct81-M250Ferdinan-11,ct81,2011-07-19T00:00:00Z,2012-06-10T00:00:00Z,12088,48923,Q9900448
23706,ct81-F340Joy-11,ct81,2011-08-06T00:00:00Z,2011-10-28T00:00:00Z,12086,48924, 
23712,ct81-F385Rusty-11,ct81,2011-07-29T00:00:00Z,2012-06-10T00:00:00Z,12090,48926,Q9900447
23718,ct81-F336Isabella-11,ct81,2011-07-21T00:00:00Z,2012-06-10T00:00:00Z,12062,48927,Q9900446
23724,ct81-F310Olga-11,ct81,2011-07-25T00:00:00Z,2012-06-10T00:00:00Z,12087,48930,Q9900445
23880,ct78-465-12,ct78,2012-01-01T00:00:00Z,2012-11-01T00:00:00Z,11465,54979,Q9900512
8568,ct12-054-05,ct12,2005-06-06T00:00:00Z,2005-11-01T00:00:00Z,10054,22922, 
8718,ct7-10029-05,ct7,2005-01-18T00:00:00Z,2005-06-19T16:57:06Z,10029,26447, 
8796,ct8-Busen-05,ct8,2005-01-10T00:00:00Z,2006-02-01T00:00:00Z,10041,1553, 
9786,ct6-10010-05,ct6,2005-02-05T00:00:00Z,2005-11-01T00:00:00Z,10010,38566, 
15954,ct48-060-09,ct48,2009-01-18T00:00:00Z,2009-12-25T00:00:00Z,11060,92132,Q9900162
16020,ct49-Tuborg-09,ct49,2009-02-02T00:00:00Z,2010-01-01T00:00:00Z,11052,92567,Q9900201
16026,ct49-Hansa-09,ct49,2009-01-28T00:00:00Z,2009-08-01T00:00:00Z,11063,92568,Q9900202
16038,ct49-Sam-09,ct49,2009-02-02T00:00:00Z,2009-08-01T00:00:00Z,10885,92570,Q9900204
16044,ct49-Amstel-09,ct49,2009-02-10T00:00:00Z,2009-11-01T00:00:00Z,11053,92571,Q9900205
16050,ct49-Adnams-09,ct49,2009-02-02T00:00:00Z,2009-08-01T00:00:00Z,11054,92572,Q9900206
16056,ct49-Corona-09,ct49,2009-01-28T00:00:00Z,2010-01-20T00:00:00Z,11062,92573,Q9900207
16062,ct49-Stella-09,ct49,2009-02-02T00:00:00Z,2010-01-01T00:00:00Z,11064,92574,Q9900208
16068,ct49-Carling-09,ct49,2009-02-02T00:00:00Z,2010-01-01T00:00:00Z,11065,92575,Q9900209
16074,ct49-Molsen-09,ct49,2009-02-02T00:00:00Z,2009-10-01T00:00:00Z,11031,92576,Q9900210
16092,ct49-Brahma-09,ct49,2009-02-25T00:00:00Z,2010-01-20T00:00:00Z,11070,26629,Q9900198
16098,ct48-615b-09,ct48,2009-01-18T00:00:00Z,2009-12-25T00:00:00Z,10615,92141,Q9900167
16110,ct48-576b-09,ct48,2009-01-18T00:00:00Z,2009-12-25T00:00:00Z,10576,92139,Q9900165
16116,ct48-118b-09,ct48,2009-01-18T00:00:00Z,2009-12-25T00:00:00Z,10118,92135,Q9900163
16128,ct48-764b-09,ct48,2009-01-18T00:00:00Z,2009-12-25T00:00:00Z,10764,92145,Q9900168
19992,ct63-rf111-10,ct63,2010-01-25T00:00:00Z,2010-06-01T00:00:00Z,10111,33193, 
19998,ct63-rf577-10,ct63,2010-01-25T00:00:00Z,2010-06-01T00:00:00Z,10577,33197, 
20010,ct63-rf795-10,ct63,2010-01-25T00:00:00Z,2010-10-01T00:00:00Z,10795,33859, 
20016,ct63-rf082-10,ct63,2010-01-25T00:00:00Z,2010-06-01T00:00:00Z,11082,33861, 
20022,ct63-083-10,ct63,2010-01-25T00:00:00Z,2010-12-01T00:00:00Z,11083,92140,Q9900314
20058,ct63-G381-10,ct63,2010-01-01T00:00:00Z,2010-06-01T00:00:00Z,10381,92137, 
20100,ct65-11079-10,ct65,2010-02-24T00:00:00Z,2011-01-01T00:00:00Z,11079,22496,Q9900325
24018,ct61-01r-09,ct61,2009-12-09T00:00:00Z,2010-06-14T00:00:00Z,11363,942962, 
24078,ct63-431rec-10,ct63,2010-01-25T00:00:00Z,2010-12-01T00:00:00Z,11431,998215, 
24084,ct54-r515b-10,ct54,2011-01-01T00:00:00Z,2011-04-21T00:00:00Z,10515,60037, 
24090,ct63-435rec-10,ct63,2010-01-25T00:00:00Z,2010-12-01T00:00:00Z,11435,998219, 
24096,ct63-427rec-10,ct63,2010-01-25T00:00:00Z,2010-12-01T00:00:00Z,11427,998216, 
24102,ct63-428rec-10,ct63,2010-01-25T00:00:00Z,2010-10-01T00:00:00Z,11428,998213, 
24108,ct63-426rec-10,ct63,2010-01-25T00:00:00Z,2010-12-01T00:00:00Z,11426,998212, 
24150,ct84-744-12,ct84,2012-01-20T00:00:00Z,2016-03-14T10:02:57Z,10744,49778, 
24168,ct82-263-11,ct82,2011-10-10T00:00:00Z,2012-02-21T00:00:00Z,11263,72968,Q9900437
24174,ct84-533-12,ct84,2012-01-20T00:00:00Z,2016-03-14T10:02:57Z,11533,73230, 
24180,ct84-254-12,ct84,2012-01-20T00:00:00Z,2016-03-14T10:02:57Z,11254,72997, 
24192,ft10-Ox03-11,ft10,2011-10-10T00:00:00Z,2012-02-01T00:00:00Z,12119,109798,Q9900442
24198,ft10-Ox04-11,ft10,2011-10-10T00:00:00Z,2012-02-01T00:00:00Z,12116,109799,Q9900443
10326,bs2-53127-05,bs2,2006-10-19T00:00:00Z,2007-05-01T00:00:00Z,10288,53127, 
11814,ct21-37-07,ct21,2007-04-01T00:00:00Z,2007-12-31T00:00:00Z,10515,60037, 
11886,ct56-R021-10,ct56,2009-11-19T00:00:00Z,2013-01-01T00:00:00Z,10021,43874, 
12228,ct23-C09-06,ct23,2006-12-01T00:00:00Z,2008-01-05T00:00:00Z,10529,72523, 
12342,ct25-558-07,ct25,2007-01-01T00:00:00Z,2008-01-01T00:00:00Z,10558,72763, 
13182,ct32x-F40-08,ct32x,2008-03-21T00:00:00Z,2009-04-01T00:00:00Z,10650,41019,Q9900029
16470,ct2-9916-04,ct2,2004-01-20T00:00:00Z,2004-08-01T00:00:00Z,9916,1548, 
20262,ct67-11072-10,ct67,2010-03-22T00:00:00Z,2010-08-01T00:00:00Z,11072,92128, 
20274,ct67-10110-10,ct67,2010-03-22T00:00:00Z,2010-08-01T00:00:00Z,10110,33191, 
24204,ft10-Ox05-11,ft10,2011-10-10T00:00:00Z,2012-02-01T00:00:00Z,12117,109800,Q9900444
24210,ft10-Cy31-11,ft10,2011-10-10T00:00:00Z,2012-02-01T00:00:00Z,12079,109801,Q9900438
24216,ct75-Cy32-11,ct75,2011-10-02T00:00:00Z,2013-01-01T00:00:00Z,12077,109802, 
24222,ft10-Cy33-11,ft10,2011-10-10T00:00:00Z,2012-02-01T00:00:00Z,12075,109803,Q9900439
24228,ft10-Cy34-11,ft10,2011-10-10T00:00:00Z,2012-03-01T00:00:00Z,12076,109804,Q9900440
24234,ft10-Cy35-11,ft10,2011-10-10T00:00:00Z,2012-03-01T00:00:00Z,12078,109805,Q9900441
24240,ft10-Cy20-11,ft10,2011-10-02T00:00:00Z,2012-01-01T00:00:00Z,10946,73054, 
24258,ct57-W484-10,ct57,2010-02-20T00:00:00Z,2011-09-01T00:00:00Z,11313,98484,Q9900272
24270,ct118-331-11,ct118,2015-02-12T00:00:00Z,,11331,98479,Q9900765
24276,ct118-301-11,ct118,2015-02-12T00:00:00Z,,11301,98476,Q9900763
24282,ct118-493-11,ct118,2015-02-12T00:00:00Z,,11493,98482,Q9900766
13746,ct34-2462-08,ct34,2008-01-01T00:00:00Z,2009-01-01T00:00:00Z,10695,77981,Q9900052
13812,ct35-YY264a-07,ct35,2007-11-04T00:00:00Z,2008-02-01T00:00:00Z,10692,60042,Q9900069
13908,ct36-C-09,ct36,2009-02-07T00:00:00Z,2010-01-01T00:00:00Z,10739,77138,Q9900182
13980,ct37-781-08,ct37,2008-01-25T00:00:00Z,2008-12-01T00:00:00Z,10781,26341,Q9900084
14406,ct38w-Denise-08,ct38w,2008-02-22T00:00:00Z,2009-01-01T00:00:00Z,10838,79681,Q9900095
14496,ct39-41-08,ct39,2008-01-20T00:00:00Z,2008-12-01T00:00:00Z,10822,69041,Q9900100
14634,ct40-Boris-08,ct40,2008-01-25T00:00:00Z,2009-01-01T00:00:00Z,10850,22490,Q9900115
14856,ct23x-589-08,ct23x,2009-01-01T00:00:00Z,2009-04-01T00:00:00Z,10589,72530,Q9900193
15462,ct45-NorthernRock-08,ct45,2008-10-10T00:00:00Z,2009-06-01T00:00:00Z,10441,22483,Q9900133
15540,ft02-C-09,ft02,2008-12-25T00:00:00Z,2009-10-01T00:00:00Z,11044,86361,Q9900171
16032,ct49-Grolsch-09,ct49,2009-01-28T00:00:00Z,2009-08-01T00:00:00Z,10796,92569,Q9900203
16650,ct23-C02-06,ct23,2006-12-01T00:00:00Z,2008-01-05T00:00:00Z,10517,72516, 
16656,ct23-C10-06,ct23,2006-12-01T00:00:00Z,2008-01-05T00:00:00Z,10535,72524, 
16674,ct25-054-07,ct25,2007-01-01T00:00:00Z,2008-01-01T00:00:00Z,10054,26343, 
16704,ct34-2478-08,ct34,2008-01-01T00:00:00Z,2009-01-01T00:00:00Z,10664,41142,Q9900057
20556,ct69-F59-10,ct69,2010-09-03T00:00:00Z,2011-02-01T00:00:00Z,11679,53704,Q9900357
20562,ct69-M57-10,ct69,2010-08-24T00:00:00Z,2011-08-01T00:00:00Z,11680,53705,Q9900363
20568,ct69-M45-10,ct69,2010-08-31T00:00:00Z,2011-03-01T00:00:00Z,11639,53706,Q9900359
20580,ct69-M65-10,ct69,2010-08-24T00:00:00Z,2011-08-01T00:00:00Z,11524,53708,Q9900365
20586,ct69-M48-10,ct69,2010-08-24T00:00:00Z,2011-07-01T00:00:00Z,11636,53710,Q9900360
20598,ct69-M53b-10,ct69,2010-09-03T00:00:00Z,2011-04-01T00:00:00Z,11635,53712,Q9900362
20604,ct69-F58a-10,ct69,2010-08-25T00:00:00Z,2011-01-01T00:00:00Z,11676,53713,Q9900355
20610,ct69-F53-10,ct69,2010-09-03T00:00:00Z,2011-03-01T00:00:00Z,11678,53714,Q9900354
20616,ct69-M64-Benny-10,ct69,2010-08-26T00:00:00Z,2011-08-01T00:00:00Z,11547,53715,Q9900364
20622,ct69-F44-Lisa-10,ct69,2010-08-28T00:00:00Z,2011-07-01T00:00:00Z,11320,53716,Q9900353
20628,ct69-F58b-10,ct69,2010-08-28T00:00:00Z,2011-08-01T00:00:00Z,11692,53717,Q9900356
20640,ct69-M53a-10,ct69,2010-08-30T00:00:00Z,2011-08-01T00:00:00Z,11690,53719,Q9900361
20646,ct55-9575-10,ct55,2010-03-21T00:00:00Z,2018-01-01T00:00:00Z,9575,44398, 
20652,ct54-r515a-10,ct54,2010-04-01T00:00:00Z,2010-12-31T00:00:00Z,10515,60037, 
20676,ct54-r674-10,ct54,2010-04-01T00:00:00Z,2010-12-31T00:00:00Z,10674,78105, 
18348,ct52-F76-09,ct52,2009-09-04T00:00:00Z,2010-07-30T00:00:00Z,11253,94899,Q9900222
18534,ct54-504-10,ct54,2010-03-18T00:00:00Z,2010-12-31T00:00:00Z,11252,96504,Q9900257
18882,ct58-11225-09,ct58,2009-10-30T00:00:00Z,2010-07-01T00:00:00Z,11225,38578,Q9900240
19104,ct61-06-09,ct61,2009-11-05T00:00:00Z,2010-07-15T00:00:00Z,11401,55965,Q9900294
19416,ct63-444-10,ct63,2010-01-25T00:00:00Z,2011-01-01T00:00:00Z,11444,98220,Q9900308
19788,ct78-472-12,ct78,2012-01-01T00:00:00Z,2012-11-01T00:00:00Z,11472,54642,Q9900514
19866,ct64-M001-09,ct64,2010-01-01T00:00:00Z,2010-12-01T00:00:00Z,11451,55001,Q9900315
19920,ct64-M061-09,ct64,2010-01-01T00:00:00Z,2010-12-01T00:00:00Z,11468,55061,Q9900333
20766,ft05-M62SimonPierre-10,ft05,2010-07-18T00:00:00Z,2011-03-16T00:00:00Z,11611,53274,Q9900351
21066,ct70-490-11,ct70,2011-02-08T00:00:00Z,2011-10-06T00:00:00Z,11490,43871,Q9900390
16710,ct34-2455-08,ct34,2008-01-01T00:00:00Z,2009-01-01T00:00:00Z,10705,77983,Q9900049
16716,ct34-2466-08,ct34,2008-01-01T00:00:00Z,2009-01-01T00:00:00Z,10759,77992,Q9900054
16740,ct38w-Mathilde-08,ct38w,2008-02-23T00:00:00Z,2009-01-01T00:00:00Z,10835,79677,Q9900097
16764,ct40-861-08,ct40,2008-01-25T00:00:00Z,2009-01-01T00:00:00Z,10861,48926,Q9900112
16770,ct35b-YY193b-08,ct35b,2008-02-10T00:00:00Z,2008-09-01T00:00:00Z,10694,60045,Q9900068
16782,ct23x-529-08,ct23x,2009-01-01T00:00:00Z,2009-07-01T00:00:00Z,10529,72523,Q9900190
16812,ct44-6-08,ct44,2008-11-10T00:00:00Z,2009-05-01T00:00:00Z,10960,83972, 
16824,ct45-FannieMae-08,ct45,2008-10-15T00:00:00Z,2009-12-01T00:00:00Z,10965,43849,Q9900127
16830,ft02-A-09,ft02,2009-01-10T00:00:00Z,2009-10-01T00:00:00Z,10946,86359,Q9900169
16836,ct46-69041-09,ct46,2009-01-01T00:00:00Z,2009-11-01T00:00:00Z,10967,69041,Q9900145
16842,ct47-B-09,ct47,2009-02-08T00:00:00Z,2009-10-01T00:00:00Z,10982,90072, 
16854,ct25-568r-07,ct25,2007-01-01T00:00:00Z,2008-01-01T00:00:00Z,10568,972777, 
16866,ct51-072-09,ct51,2009-02-18T00:00:00Z,2009-06-01T00:00:00Z,11072,92128, 
16872,ct51-069-09,ct51,2009-02-18T00:00:00Z,2009-06-01T00:00:00Z,11069,92127, 
16902,ct43-574-09,ct43,2009-02-05T00:00:00Z,2009-04-15T00:00:00Z,10574,92144,Q9900213
16908,ct43-582-09,ct43,2009-02-05T00:00:00Z,2009-04-15T00:00:00Z,10582,92138,Q9900215
20736,ft05-F34Gina-10,ft05,2010-07-18T00:00:00Z,2011-03-16T00:00:00Z,11552,53269,Q9900343
20742,ft05-F40Fifi-10,ft05,2010-07-25T00:00:00Z,2011-03-16T00:00:00Z,11546,53270,Q9900344
20748,ft05-F52Bridgette-10,ft05,2010-07-18T00:00:00Z,2011-03-16T00:00:00Z,11545,53271,Q9900346
20760,ft05-M60Sophie-10,ft05,2010-07-29T00:00:00Z,2011-03-16T00:00:00Z,11553,53273,Q9900350
20778,ft05-F43Sarah-10,ft05,2010-07-18T00:00:00Z,2011-03-16T00:00:00Z,11613,53276,Q9900345
20784,ft05-M52Molly-10,ft05,2010-07-18T00:00:00Z,2011-03-16T00:00:00Z,11618,53277,Q9900349
20790,ft05-M36Herman-10,ft05,2010-07-26T00:00:00Z,2011-03-16T00:00:00Z,11554,53278,Q9900348
24816,ct77-182-12,ct77,2012-01-01T00:00:00Z,2012-07-01T00:00:00Z,12182,113364,Q9900494
24822,ct77-179-12,ct77,2012-01-01T00:00:00Z,2013-02-01T00:00:00Z,12179,113365,Q9900491
24828,ct77-171-12,ct77,2012-01-01T00:00:00Z,2012-12-01T00:00:00Z,12171,113366,Q9900487
24834,ct77-180-12,ct77,2012-01-01T00:00:00Z,2012-10-01T00:00:00Z,12180,113367,Q9900492
24840,ct77-167-12,ct77,2012-01-01T00:00:00Z,2012-12-01T00:00:00Z,12167,113368,Q9900484
24864,ct77-184-12,ct77,2012-01-01T00:00:00Z,2013-03-03T00:00:00Z,12184,113372,Q9900496
24870,ct77-919-12,ct77,2012-01-01T00:00:00Z,2012-06-01T00:00:00Z,11919,113373,Q9900508
24876,ct77-185-12,ct77,2012-01-01T00:00:00Z,2012-12-01T00:00:00Z,12185,113374,Q9900497
24888,ct77-181-12,ct77,2012-01-01T00:00:00Z,2012-11-01T00:00:00Z,12181,113376,Q9900493
24900,ct77-170-12,ct77,2012-01-01T00:00:00Z,2012-06-25T00:00:00Z,12170,113378,Q9900486
21354,ft06-Cy16-10,ft06,2010-10-26T00:00:00Z,2011-02-01T00:00:00Z,11035,73000,Q9900368
21384,ft07-Cy29-11,ft07,2011-01-22T00:00:00Z,2011-11-01T00:00:00Z,11619,73055,Q9900413
22020,ct74-722-11,ct74,2011-01-21T00:00:00Z,2011-06-03T00:00:00Z,11722,101150,Q9900380
22332,ft07-Cy27-11,ft07,2011-01-21T00:00:00Z,2011-05-01T00:00:00Z,11620,103730,Q9900411
22404,ct78d-D822-11,ct78d,2011-02-22T00:00:00Z,2011-12-01T00:00:00Z,11822,104921,Q9900430
22464,ct78d-D877-11,ct78d,2011-02-22T00:00:00Z,2011-06-01T00:00:00Z,11877,104931,Q9900434
24882,ct77-178-12,ct77,2012-01-01T00:00:00Z,2012-10-01T00:00:00Z,12178,113375,Q9900490
16914,ct43-613-09,ct43,2009-02-05T00:00:00Z,2009-11-01T00:00:00Z,10613,92136,Q9900140
21012,ct70-642-11,ct70,2011-02-11T00:00:00Z,2011-05-07T00:00:00Z,11642,1545,Q9900401
21030,ct70-637-11,ct70,2011-02-14T00:00:00Z,2011-10-26T00:00:00Z,11637,22490,Q9900405
21036,ct70-633-11,ct70,2011-02-14T00:00:00Z,2011-10-06T00:00:00Z,11633,43839,Q9900404
21042,ct70-640-11,ct70,2011-02-12T00:00:00Z,2011-11-03T00:00:00Z,11640,43840,Q9900400
21048,ct70-638-11,ct70,2011-02-08T00:00:00Z,2011-09-01T00:00:00Z,11638,43846,Q9900395
21054,ct70-643-11,ct70,2011-02-11T00:00:00Z,2011-11-03T00:00:00Z,11643,43850,Q9900402
21060,ct70-491-11,ct70,2011-02-14T00:00:00Z,2011-11-13T00:00:00Z,11491,43859,Q9900403
21072,ct70-486-11,ct70,2011-02-08T00:00:00Z,2011-11-29T00:00:00Z,11486,43875,Q9900388
21078,ct70-488-11,ct70,2011-02-10T00:00:00Z,2011-10-13T00:00:00Z,11488,43876,Q9900389
21084,ct70-499-11,ct70,2011-02-11T00:00:00Z,2011-11-17T00:00:00Z,11499,43880,Q9900398
21090,ct70-502-11,ct70,2011-02-09T00:00:00Z,2011-04-01T00:00:00Z,11502,43881,Q9900392
21096,ct70-501-11,ct70,2011-02-06T00:00:00Z,2011-10-14T00:00:00Z,11501,48921,Q9900391
21102,ct70-503-11,ct70,2011-02-08T00:00:00Z,2011-09-21T00:00:00Z,11503,48922,Q9900393
21108,ct70-500-11,ct70,2011-02-11T00:00:00Z,2011-12-05T00:00:00Z,11500,48928,Q9900399
21114,ct70-356-11,ct70,2011-02-08T00:00:00Z,2011-07-02T00:00:00Z,11356,43861,Q9900387
21120,ct70-526-11,ct70,2011-02-10T00:00:00Z,2011-06-03T00:00:00Z,11526,43841,Q9900397
21126,ct70-634-11,ct70,2011-02-10T00:00:00Z,2011-07-15T00:00:00Z,11634,43844,Q9900396
25212,ct7-10037-05,ct7,2005-01-18T00:00:00Z,2005-09-28T23:38:43Z,10037,26502, 
17298,ct32x-F44-08,ct32x,2008-03-23T00:00:00Z,2009-06-01T00:00:00Z,10652,41074,Q9900030
17304,ct40-Sheila-08,ct40,2008-01-25T00:00:00Z,2009-01-01T00:00:00Z,10854,43859,Q9900118
17334,ct68-YY189-10,ct68,2010-01-10T00:00:00Z,2010-05-01T00:00:00Z,10691,60044,Q9900328
17340,ct68-WW005-10,ct68,2010-03-01T00:00:00Z,2010-04-01T00:00:00Z,10692,60042,Q9900327
21336,ft06-Cy12-10,ft06,2010-09-05T00:00:00Z,2011-01-01T00:00:00Z,11263,72968,Q9900339
21342,ft06-Mm13-10,ft06,2010-10-18T00:00:00Z,2011-02-01T00:00:00Z,11254,72997,Q9900342
21348,ft06-Cy14-10,ft06,2010-09-05T00:00:00Z,2011-02-02T00:00:00Z,11038,72998,Q9900367
21360,ft06-Cy17-10,ft06,2010-10-16T00:00:00Z,2011-02-01T00:00:00Z,11260,73001,Q9900340
21366,ft06-Cy18-10,ft06,2010-10-18T00:00:00Z,2011-01-08T00:00:00Z,11262,73052,Q9900341
21378,ft06-Cy20-10,ft06,2010-09-05T00:00:00Z,2011-02-01T00:00:00Z,10946,73054,Q9900369
21396,ft06-Ox01-10,ft06,2010-10-24T00:00:00Z,2011-02-10T00:00:00Z,11533,73230,Q9900366
21432,ct73-GG335-11,ct73,2011-02-09T00:00:00Z,2012-01-01T00:00:00Z,11651,102364, 
21438,ct73-OO052-11,ct73,2011-02-21T00:00:00Z,2012-01-01T00:00:00Z,11691,102365, 
25266,bs2-53128-05,bs2,2006-10-19T00:00:00Z,2007-05-01T00:00:00Z,10287,53128, 
25332,ct26-C16-07,ct26,2007-02-12T00:00:00Z,2008-03-25T00:00:00Z,10602,72533, 
25356,ct32x-M34-08,ct32x,2008-03-25T00:00:00Z,2009-01-01T00:00:00Z,10636,41121,Q9900033
25374,ct34-2473-08,ct34,2008-01-01T00:00:00Z,2009-01-01T00:00:00Z,10688,77978,Q9900056
25398,ct38e-30-08,ct38e,2007-12-20T00:00:00Z,2008-10-01T00:00:00Z,10830,79684,Q9900091
25410,ct50-BB349-09,ct50,2009-02-16T00:00:00Z,2009-12-01T00:00:00Z,10846,82074,Q9900121
25428,ct44-3-08,ct44,2008-11-10T00:00:00Z,2009-03-01T00:00:00Z,10964,83969, 
31446,ct65-11343r-10,ct65,2010-02-24T00:00:00Z,2010-12-30T00:00:00Z,11343,9043856, 
31812,ct89-302b-12,ct89,2012-06-06T00:00:00Z,2012-12-30T00:00:00Z,12302,115466,Q9900474
31842,ct89-328b-12,ct89,2012-06-06T00:00:00Z,2013-01-10T00:00:00Z,12328,115465,Q9900473
25476,ct78d-D362-11,ct78d,2011-02-22T00:00:00Z,2011-08-01T00:00:00Z,11362,44505,Q9900417
25578,ct86-172-12,ct86,2011-11-20T00:00:00Z,2012-04-01T00:00:00Z,12172,52472,Q9900471
25590,ct136-236BAT-12,ct136,2017-02-20T00:00:00Z,,12236,55965,Q9900914
25602,ct86-187-12,ct86,2012-01-01T00:00:00Z,2012-10-01T00:00:00Z,12187,52481,Q9900540
25608,ct86-239-12,ct86,2012-01-01T00:00:00Z,2012-10-01T00:00:00Z,12239,55952,Q9900542
25806,ct87-188-12,ct87,2012-05-04T00:00:00Z,2013-01-01T00:00:00Z,12188,112847,Q9900528
25824,ct99-OO052-13,ct99,2013-02-27T00:00:00Z,2013-11-26T00:00:00Z,11926,112849, 
25830,ct99-YY189-13,ct99,2013-01-23T00:00:00Z,2015-05-25T16:14:21Z,11708,112850, 
25842,ct87-923-12,ct87,2012-04-25T00:00:00Z,2013-03-01T00:00:00Z,11923,112851,Q9900529
32052,ct94-M74Dusty-12,ct94,2012-08-25T00:00:00Z,2013-01-01T00:00:00Z,12457,120357, 
32064,ct94-M103Samson-12,ct94,2012-08-25T00:00:00Z,2013-03-15T00:00:00Z,12460,120359, 
32076,ct94-M60Alice-12,ct94,2012-08-25T00:00:00Z,2013-04-01T00:00:00Z,12465,120361, 
32082,ct92-M305Pete-12,ct92,2012-08-18T00:00:00Z,2016-03-14T10:04:47Z,12466,120362,Q9900552
32100,ct94-F64Garbo-12,ct94,2012-08-18T00:00:00Z,2013-03-10T00:00:00Z,12468,120365,Q9900550
32106,ct94-M88Rocky-12,ct94,2012-08-26T00:00:00Z,2013-02-20T00:00:00Z,12458,120366, 
32112,ct94-M100Leo-12,ct94,2012-08-25T00:00:00Z,2013-03-15T00:00:00Z,12463,120367, 
32118,ct92-M280Duke-12,ct92,2012-08-14T00:00:00Z,2012-10-01T00:00:00Z,12456,120368,Q9900547
32124,ct94-F61Grete-12,ct94,2012-08-17T00:00:00Z,2013-06-01T00:00:00Z,12464,120369,Q9900549
32130,ct94-F61Dot-12,ct94,2012-08-15T00:00:00Z,2013-03-01T00:00:00Z,12526,120370,Q9900548
32172,ct93-F62Hope-12,ct93,2012-08-06T00:00:00Z,2013-06-01T00:00:00Z,12413,120371,Q9900546
32178,ct93-F40Sparkey-12,ct93,2012-07-31T00:00:00Z,2013-02-01T00:00:00Z,12455,120372,Q9900535
32184,ct93-F56Fay-12,ct93,2012-08-06T00:00:00Z,2013-06-01T00:00:00Z,12419,120373,Q9900545
32202,ct93-F35Holly-12,ct93,2012-07-30T00:00:00Z,2013-06-01T00:00:00Z,12524,120728,Q9900534
32208,ct93-M38Tarek-12,ct93,2012-08-05T00:00:00Z,2013-06-01T00:00:00Z,12525,120729,Q9900536
32214,ct93-F34Tangles-12,ct93,2012-08-05T00:00:00Z,2013-01-01T00:00:00Z,12522,120730,Q9900533
13656,ct33-WW058-07,ct33,2008-01-07T00:00:00Z,2008-10-01T00:00:00Z,10668,78103,Q9900040
16122,ct48-585b-09,ct48,2009-01-18T00:00:00Z,2009-12-25T00:00:00Z,10585,92143,Q9900166
25926,ct86-186-12,ct86,2012-01-01T00:00:00Z,2012-10-01T00:00:00Z,12186,55951,Q9900539
26172,ct88-225-12,ct88,2012-02-05T00:00:00Z,2012-07-01T00:00:00Z,12225,113863,Q9900454
26286,ct88-226-12,ct88,2012-01-26T00:00:00Z,2012-11-01T00:00:00Z,12226,113864,Q9900455
26292,ct88-227-12,ct88,2012-01-30T00:00:00Z,2012-11-01T00:00:00Z,12227,113865,Q9900456
26298,ct88-228-12,ct88,2012-01-26T00:00:00Z,2012-08-01T00:00:00Z,12228,113866,Q9900457
26304,ct88-229-12,ct88,2012-01-26T00:00:00Z,2012-11-01T00:00:00Z,12229,113867,Q9900458
26310,ct88-230-12,ct88,2012-01-23T00:00:00Z,2012-11-01T00:00:00Z,12230,113868,Q9900459
26316,ct88-231-12,ct88,2012-01-26T00:00:00Z,2012-11-01T00:00:00Z,12231,113869,Q9900460
26322,ct88-232-12,ct88,2012-01-30T00:00:00Z,2012-11-01T00:00:00Z,12232,113870,Q9900461
26328,ct88-233-12,ct88,2012-01-30T00:00:00Z,2012-12-01T00:00:00Z,12233,113871,Q9900462
26334,ct88-234-12,ct88,2012-01-23T00:00:00Z,2012-11-01T00:00:00Z,12234,113872,Q9900463
26340,ct88-240-12,ct88,2012-02-01T00:00:00Z,2012-11-01T00:00:00Z,12240,113873,Q9900464
81060,ct148-967-18,ct148,2018-12-20T00:00:00Z,,14967,67037,Q9901168
81066,ct148-968-18,ct148,2018-12-20T00:00:00Z,,14968,67038,Q9901167
81072,ct148-969-18,ct148,2018-12-20T00:00:00Z,2020-03-17T00:00:00Z,14969,67077,Q9901152
81078,ct148-965-18,ct148,2018-12-20T00:00:00Z,,14965,67093,Q9901177
81090,ct148-964-18,ct148,2018-12-20T00:00:00Z,,14964,67121,Q9901171
81096,ct148-963-18,ct148,2018-12-20T00:00:00Z,,14963,67127,Q9901133
81102,ct148-962-18,ct148,2018-12-20T00:00:00Z,,14962,67129,Q9901159
81108,ct148-961-18,ct148,2018-12-20T00:00:00Z,,14961,67130,Q9901151
81120,ct148-936-18,ct148,2018-12-20T00:00:00Z,,14936,67132,Q9901147
81132,ct148-947-18,ct148,2018-12-20T00:00:00Z,,14947,67134,Q9901132
81138,ct148-946-18,ct148,2018-12-20T00:00:00Z,,14946,67135,Q9901131
81144,ct148-944-18,ct148,2018-12-20T00:00:00Z,,14944,67136,Q9901170
81150,ct148-945-18,ct148,2018-12-20T00:00:00Z,,14945,67137,Q9901130
81156,ct148-933-18,ct148,2018-12-20T00:00:00Z,,14933,67138,Q9901146
81246,ct149-922-18,ct149,2018-12-20T00:00:00Z,,14922,67010,Q9901173
81258,ct149-923-18,ct149,2018-12-20T00:00:00Z,,14923,67011,Q9901142
81264,ct149-924-18,ct149,2018-12-20T00:00:00Z,,14924,67012,Q9901134
81270,ct149-925-18,ct149,2018-12-20T00:00:00Z,,14925,67013,Q9901166
81282,ct149-927-18,ct149,2018-12-20T00:00:00Z,,14927,67018,Q9901143
81288,ct149-928-18,ct149,2018-12-20T00:00:00Z,,14928,67019,Q9901136
81294,ct149-929-18,ct149,2018-12-20T00:00:00Z,,14929,67020,Q9901144
81300,ct149-930-18,ct149,2018-12-20T00:00:00Z,,14930,67021,Q9901145
81306,ct149-926-18,ct149,2018-12-20T00:00:00Z,,14926,67022,Q9901135
81312,ft24-917-18,ft24,2018-12-20T00:00:00Z,,14917,66995,Q9901153
81318,ft24-918-18,ft24,2018-12-20T00:00:00Z,,14918,66996,Q9901139
81324,ft24-919-18,ft24,2018-12-20T00:00:00Z,,14919,66997,Q9901154
81330,ft24-920-18,ft24,2018-12-20T00:00:00Z,,14920,66998,Q9901140
81336,ft24-921-18,ft24,2018-12-20T00:00:00Z,,14921,66999,Q9901141
43686,ct104-EM971-13,ct104,2014-02-08T00:00:00Z,2015-01-27T00:00:00Z,12971,120747,Q9900671
43806,ct104-WF858-13,ct104,2014-02-24T00:00:00Z,2015-01-27T00:00:00Z,12858,120746,Q9900662
43812,ct104-EF838-13,ct104,2014-02-08T00:00:00Z,2015-01-27T00:00:00Z,12838,120745,Q9900661
43818,ct104-EF960-13,ct104,2014-02-08T00:00:00Z,2015-01-27T00:00:00Z,12960,120744,Q9900664
43824,ct104-EF970-13,ct104,2014-02-08T00:00:00Z,2015-01-27T00:00:00Z,12970,120743,Q9900666
43830,ct104-WM890-13,ct104,2014-02-25T00:00:00Z,2015-01-27T00:00:00Z,12890,43839,Q9900668
43836,ct104-EM889-13,ct104,2014-02-08T00:00:00Z,2015-01-27T00:00:00Z,12889,43840,Q9900667
43848,ct104-WF893-13,ct104,2014-02-26T00:00:00Z,2015-01-27T00:00:00Z,12893,43844,Q9900674
43854,ct104-WF896-13,ct104,2014-02-25T00:00:00Z,2015-01-27T00:00:00Z,12896,43846,Q9900673
43860,ct104-WF895-13,ct104,2014-02-24T00:00:00Z,2015-01-27T00:00:00Z,12895,43849,Q9900663
43872,ct104-WM972-13,ct104,2014-02-24T00:00:00Z,2015-01-27T00:00:00Z,12972,43859,Q9900672
43878,ct104-EM959-13,ct104,2014-02-08T00:00:00Z,2015-01-27T00:00:00Z,12959,43861,Q9900669
43884,ct104-EM961-13,ct104,2014-02-08T00:00:00Z,2015-01-27T00:00:00Z,12961,43876,Q9900670
43890,ct104-WF963-13,ct104,2014-02-25T00:00:00Z,2015-01-27T00:00:00Z,12963,43875,Q9900665
44058,ft18-13f-13,ft18,2016-10-20T00:00:00Z,2017-01-01T00:00:00Z,12932,133013, 
44064,ct105-14f-13,ct105,2013-12-01T00:00:00Z,,12931,133014,Q9900685
44070,ct105-15f-13,ct105,2014-01-25T00:00:00Z,2014-09-20T00:00:00Z,12930,133015,Q9900654
44166,ct118-929-13,ct118,2015-02-12T00:00:00Z,,12929,133556,Q9900768
44172,ct118-894-13,ct118,2015-02-12T00:00:00Z,,12894,133557,Q9900767
44178,ct83-859-13,ct83,2014-03-03T00:00:00Z,2014-06-24T00:00:00Z,12859,133558, 
44286,ct94-M60Derek_rec-12,ct94,2012-08-15T00:00:00Z,2013-06-01T00:00:00Z,12467,9120356, 
54900,ct128a-246BAT-12,ct128a,2017-03-02T00:00:00Z,2017-08-01T00:00:00Z,12246,113383,Q9900920
54906,ct120-035BAT-15,ct120,2015-11-01T00:00:00Z,2016-06-21T00:00:00Z,13035,140092,Q9900809
54924,ct120-15fBAT-15,ct120,2015-11-01T00:00:00Z,2016-06-21T00:00:00Z,12930,133015,Q9900812
54930,ct122-39BAT-13,ct122,2016-01-01T00:00:00Z,2016-12-01T00:00:00Z,12635,122393,Q9900856
68766,ct137-189BAT-14,ct137,2017-06-09T00:00:00Z,,13189,142318,Q9900937
68778,ct137-227BAT-12,ct137,2017-06-07T00:00:00Z,2018-05-15T00:00:00Z,12227,158527,Q9900934
68886,ct137-953BAT-13,ct137,2017-06-07T00:00:00Z,2018-05-15T00:00:00Z,12953,133778,Q9900936
82116,ct150-441BAT-16,ct150,2019-02-20T00:00:00Z,2019-12-01T00:00:00Z,14441,167362,Q9901214
82206,ct150-422BAT-16,ct150,2019-02-20T00:00:00Z,2019-12-01T00:00:00Z,14422,167367,Q9901203
82218,ct150-354BAT-16,ct150,2019-02-20T00:00:00Z,2019-12-01T00:00:00Z,14354,167358,Q9901200
82326,ct150-416BAT-16,ct150,2019-02-20T00:00:00Z,2019-12-01T00:00:00Z,14416,167360,Q9901202
82344,ct150-360BAT-16,ct150,2019-02-20T00:00:00Z,2019-12-01T00:00:00Z,14360,167354,Q9901201
82446,ct150-974-VERT-18,ct150,2019-02-20T00:00:00Z,2019-12-01T00:00:00Z,14974,67165,Q9901199
82452,ct150-975-VERT-18,ct150,2019-02-20T00:00:00Z,2019-12-01T00:00:00Z,14975,67169,Q9901206
82458,ct150-976-VERT-18,ct150,2019-02-20T00:00:00Z,2019-12-01T00:00:00Z,14976,67170,Q9901192
82464,ct150-977-VERT-18,ct150,2019-02-20T00:00:00Z,2019-12-01T00:00:00Z,14977,67171,Q9901207
82470,ct150-978-VERT-18,ct150,2019-02-20T00:00:00Z,2019-12-01T00:00:00Z,14978,67172,Q9901193
82482,ct150-982-BULL-18,ct150,2019-02-20T00:00:00Z,2019-12-01T00:00:00Z,14982,67173,Q9901209
82488,ct150-971-BULL-18,ct150,2019-02-20T00:00:00Z,2019-12-01T00:00:00Z,14971,67175,Q9901204
82494,ct150-972-BULL-18,ct150,2019-02-20T00:00:00Z,2019-12-01T00:00:00Z,14972,67179,Q9901191
82500,ct150-973-BULL-18,ct150,2019-02-20T00:00:00Z,2019-12-01T00:00:00Z,14973,67181,Q9901205
82506,ct150-980-BULL-18,ct150,2019-02-20T00:00:00Z,2019-12-01T00:00:00Z,14980,67191,Q9901197
82512,ct150-981-BULL-18,ct150,2019-02-20T00:00:00Z,2019-12-01T00:00:00Z,14981,67192,Q9901208
82518,ct150-979-VERT-18,ct150,2019-02-20T00:00:00Z,2019-12-01T00:00:00Z,14979,67212,Q9901198
82566,ft26-946-BAT2-13,ft26,2019-01-01T00:00:00Z,2020-03-17T00:00:00Z,12946,133782,Q9901195
44904,ct107-933-13,ct107,2014-02-02T00:00:00Z,2014-05-01T00:00:00Z,12933,133774,Q9900655
44934,ct107-940-13,ct107,2014-01-25T00:00:00Z,2014-03-01T00:00:00Z,12940,133779,Q9900658
45126,ct106-629_2-12,ct106,2013-12-03T00:00:00Z,2016-02-03T12:37:39Z,12629,123168,Q9900689
45252,ft13-616_recov-12,ft13,2013-02-26T00:00:00Z,2013-09-24T12:00:00Z,12616,9123169,Q9900602
45486,ct123-616_rebat-14,ct123,2015-12-05T00:00:00Z,,12616,123169,Q9900820
45492,ct106-628_rebat-14,ct106,2014-04-09T00:00:00Z,2014-08-01T00:00:00Z,12628,123173,Q9900686
45498,ct106-633_rebat-14,ct106,2014-02-10T00:00:00Z,2014-08-01T00:00:00Z,12633,123174,Q9900687
26406,ct85-237-12,ct85,2014-01-27T00:00:00Z,2014-12-04T10:14:32Z,12237,113379,Q9900626
68892,ct137-267BAT-14,ct137,2017-06-12T00:00:00Z,,13267,142323,Q9900947
68898,ct137-367BAT-15,ct137,2017-06-04T00:00:00Z,2018-05-15T00:00:00Z,13367,158375,Q9900948
68904,ct137-231BAT-14,ct137,2017-06-09T00:00:00Z,2018-05-15T00:00:00Z,13231,142320,Q9900946
68910,ct137-933BAT-13,ct137,2017-06-07T00:00:00Z,2018-05-15T00:00:00Z,12933,133774,Q9900935
69126,ct137-268BAT-14,ct137,2017-06-04T00:00:00Z,,13268,142317,Q9900938
82686,ft26-950-18,ft26,2019-01-01T00:00:00Z,,14950,178229,Q9901210
82692,ft26-960-18,ft26,2018-10-12T00:00:00Z,,14960,178230,Q9901196
82698,ft26-959-18,ft26,2019-01-01T00:00:00Z,,14959,178231,Q9901194
71406,ct140-699BAT-13,ct140,2017-11-20T00:00:00Z,2018-10-09T00:00:00Z,12699,122387,Q9901037
71412,ct140-159BAT-15,ct140,2017-11-20T00:00:00Z,2018-10-05T00:00:00Z,14159,153779,Q9901047
71418,ct140-690BAT-13,ct140,2017-11-20T00:00:00Z,2018-05-22T00:00:00Z,12690,122389,Q9901019
71430,ct140-635BAT-13,ct140,2017-11-20T00:00:00Z,2018-11-15T00:00:00Z,12635,122393,Q9901014
71436,ct140-695BAT-13,ct140,2017-11-20T00:00:00Z,2018-05-02T00:00:00Z,12695,122388,Q9901046
71442,ct140-154BAT-15,ct140,2017-11-20T00:00:00Z,2018-10-01T00:00:00Z,14154,153775,Q9901034
46350,ft17-F07-14,ft17,2014-03-28T00:00:00Z,2015-09-01T00:00:00Z,13011,130764, 
46362,ft17-F09-14,ft17,2014-03-28T00:00:00Z,2015-09-01T00:00:00Z,13016,130765, 
46386,ft17-F13-14,ft17,2014-03-28T00:00:00Z,2015-09-01T00:00:00Z,12977,130773, 
57492,ct139-PCA078-16,ct139,2017-10-01T00:00:00Z,,14078,152943,Q9901005
57510,ct120-075-15,ct120,2015-11-01T00:00:00Z,2016-06-21T00:00:00Z,14075,152946,Q9900806
57606,ct120-048BAT-15,ct120,2015-11-01T00:00:00Z,2016-06-21T00:00:00Z,13048,140094,Q9900810
57618,ct120-049BAT-15,ct120,2015-11-01T00:00:00Z,2016-06-21T00:00:00Z,13049,140095,Q9900811
57624,ct120-050BAT-15,ct120,2015-11-01T00:00:00Z,2016-06-21T00:00:00Z,13050,140096,Q9900808
57630,ct120-688BAT-15,ct120,2015-12-20T00:00:00Z,2017-09-13T00:00:00Z,12688,122385,Q9900834
57642,ct122-49BAT-15,ct122,2016-01-01T00:00:00Z,2016-12-01T00:00:00Z,12698,122403,Q9900835
57648,ct120-695BAT-15,ct120,2015-12-20T00:00:00Z,2017-09-13T00:00:00Z,12695,122388,Q9900823
57654,ct122-43BAT-15,ct122,2016-01-01T00:00:00Z,2016-12-01T00:00:00Z,12693,122397,Q9900851
57660,ct122-35BAT-15,ct122,2016-02-01T00:00:00Z,2016-12-01T00:00:00Z,12690,122389,Q9900847
57672,ct122-33BAT-15,ct122,2016-01-01T00:00:00Z,2016-12-01T00:00:00Z,12699,122387,Q9900849
57678,ct122-32BAT-15,ct122,2016-02-15T00:00:00Z,2016-12-01T00:00:00Z,12700,122386,Q9900855
57684,ct120-266BAT-15,ct120,2015-11-01T00:00:00Z,,13266,144393,Q9900813
57690,ct120-265BAT-15,ct120,2015-11-01T00:00:00Z,2016-06-21T00:00:00Z,13265,144392,Q9900807
57696,ct120-262-15,ct120,2015-11-01T00:00:00Z,,13262,136211,Q9900814
57702,ct120-F4-15,ct120,2015-11-01T00:00:00Z,,12451,120673,Q9900816
57876,ct128-700BAT-12,ct128,2017-11-15T00:00:00Z,,11700,153232,Q9901009
71448,ct140-956BAT-14,ct140,2017-11-20T00:00:00Z,2018-09-23T00:00:00Z,12956,136210,Q9901038
71454,ct140-158BAT-15,ct140,2017-11-20T00:00:00Z,2018-10-25T00:00:00Z,14158,153777,Q9901032
71496,ct140-700BAT-13,ct140,2017-11-20T00:00:00Z,2018-10-06T00:00:00Z,12700,122386,Q9901023
72132,wd10-681-17,wd10,2017-11-19T00:00:00Z,,14681,44681,Q9901010
72138,wd10-679-17,wd10,2017-11-08T00:00:00Z,,14679,44679,Q9901007
72144,wd10-678-17,wd10,2017-11-19T00:00:00Z,,14678,44678, 
72738,ct142-3-17,ct142,2017-12-04T00:00:00Z,,12416,50095,Q9901026
46686,ct107-F954-14,ct107,2014-06-09T00:00:00Z,2014-08-01T00:00:00Z,12954,137446, 
46692,ct107-F995-14,ct107,2014-06-09T00:00:00Z,2015-01-10T00:00:00Z,12995,137447,Q9900726
46926,ft17-F15-14,ft17,2014-03-28T00:00:00Z,2015-09-01T00:00:00Z,13010,136772, 
46938,ft17-F16-14,ft17,2014-03-28T00:00:00Z,2015-09-01T00:00:00Z,12998,136773, 
46944,ft17-F17-14,ft17,2014-03-28T00:00:00Z,2015-09-01T00:00:00Z,12997,136774, 
46950,ft17-F18-14,ft17,2014-03-28T00:00:00Z,2015-09-01T00:00:00Z,12996,136775, 
46956,ft17-F19-14,ft17,2014-03-28T00:00:00Z,2015-09-01T00:00:00Z,13015,136776, 
46968,ft17-F21-14,ft17,2014-03-28T00:00:00Z,2015-09-01T00:00:00Z,13013,136778, 
46974,ft17-F22-14,ft17,2014-03-28T00:00:00Z,2015-09-01T00:00:00Z,13012,136779, 
47058,ct108-554-13,ct108,2014-07-10T00:00:00Z,2014-09-04T00:00:00Z,12554,122356,Q9900692
47070,ct108-564-13,ct108,2014-07-10T00:00:00Z,,12564,122363,Q9900694
47082,ct108-569-13,ct108,2014-07-10T00:00:00Z,,12569,122370,Q9900696
47094,ct108-632-13,ct108,2014-07-10T00:00:00Z,,12632,122375,Q9900698
47106,ct108-622-13,ct108,2014-07-10T00:00:00Z,,12622,122377,Q9900697
47112,ct111-665-13,ct111,2014-10-20T00:00:00Z,,12665,122380,Q9900714
47118,ct108-663-13,ct108,2014-07-10T00:00:00Z,,12663,122382,Q9900699
47124,ct111-617-13,ct111,2014-10-20T00:00:00Z,,12617,122383,Q9900713
58686,ct121-01-15,ct121,2016-02-01T00:00:00Z,2016-12-01T00:00:00Z,14155,152330,Q9900848
58692,ct121-02-15,ct121,2016-01-10T00:00:00Z,2016-12-01T00:00:00Z,13142,152331,Q9900842
58698,ct133-156-15,ct133,2017-02-01T00:00:00Z,,14156,152332,Q9900908
58704,ct133-160-15,ct133,2017-02-01T00:00:00Z,2019-06-11T00:00:00Z,14160,152333,Q9900917
58710,ct140-172-15,ct140,2017-11-20T00:00:00Z,2018-11-01T00:00:00Z,14172,153719,Q9901025
58716,ct140-171-15,ct140,2017-11-20T00:00:00Z,2018-10-01T00:00:00Z,14171,153720,Q9901031
58722,ct140-188-15,ct140,2017-11-20T00:00:00Z,2018-08-09T00:00:00Z,14188,153721,Q9901018
58734,ct140-175-15,ct140,2017-11-20T00:00:00Z,2018-04-09T00:00:00Z,14175,153723,Q9901011
73806,ct143-666-18,ct143,2018-04-20T00:00:00Z,,14666,10919,Q9901065
73812,ct143-667-18,ct143,2018-04-20T00:00:00Z,,14667,10923,Q9901066
58740,ct140-170-15,ct140,2017-11-20T00:00:00Z,2018-10-03T00:00:00Z,14170,153724,Q9901020
58782,ct116-13-15,ct116,2016-01-10T00:00:00Z,2016-07-01T00:00:00Z,12957,153731,Q9900841
58794,ct140-174-15,ct140,2017-11-20T00:00:00Z,2018-09-28T00:00:00Z,14174,153733,Q9901015
58800,ct140-178-15,ct140,2017-11-20T00:00:00Z,2018-10-03T00:00:00Z,14178,153734,Q9901013
58806,ct140-169-15,ct140,2017-11-20T00:00:00Z,2018-07-19T00:00:00Z,14169,153735,Q9901035
58812,ct140-163-15,ct140,2017-11-20T00:00:00Z,2018-08-31T00:00:00Z,14163,153736,Q9901036
58818,ct140-166-15,ct140,2017-11-20T00:00:00Z,2018-08-05T00:00:00Z,14166,153737,Q9901016
58824,ct134-164-15,ct134,2017-02-15T00:00:00Z,,14164,153738,Q9900910
58836,ct140-177-15,ct140,2017-11-20T00:00:00Z,2018-05-04T00:00:00Z,14177,153740,Q9901012
58842,ct140-161-15,ct140,2017-11-20T00:00:00Z,2018-06-30T00:00:00Z,14161,153741,Q9901021
58848,ct140-173-15,ct140,2017-11-20T00:00:00Z,2018-09-10T00:00:00Z,14173,153742,Q9901017
58854,ct140-179-15,ct140,2017-11-20T00:00:00Z,2018-09-10T00:00:00Z,14179,153743,Q9901033
58860,ct140-176-15,ct140,2017-11-20T00:00:00Z,2018-02-28T00:00:00Z,14176,153773,Q9901022
58872,ct122-154-15,ct122,2016-01-01T00:00:00Z,2016-12-01T00:00:00Z,14154,153775,Q9900824
58884,ct122-158-15,ct122,2016-01-01T00:00:00Z,2016-12-01T00:00:00Z,14158,153777,Q9900826
58896,ct122-159-15,ct122,2016-02-01T00:00:00Z,2016-12-01T00:00:00Z,14159,153779,Q9900854
59286,ct136-892BAT-13,ct136,2017-02-20T00:00:00Z,,12892,136235,Q9900915
59298,ct123-363_rebat-09,ct123,2015-12-05T00:00:00Z,,11363,42962,Q9900822
59304,ct123-F222_rebat-14,ct123,2016-02-01T00:00:00Z,2017-01-01T00:00:00Z,13222,136229,Q9900846
70944,ct139-265BAT3-16,ct139,2017-10-01T00:00:00Z,,13265,144392,Q9900988
70950,ct139-075BAT2-16,ct139,2017-10-01T00:00:00Z,,14075,152946,Q9900990
70956,ct139-331BAT-16,ct139,2017-10-01T00:00:00Z,2018-06-21T00:00:00Z,14331,133015,Q9900992
70962,ct139-F328BAT-16,ct139,2017-10-01T00:00:00Z,,14328,140095,Q9900991
70968,ct139-624-17,ct139,2017-10-01T00:00:00Z,2018-06-21T00:00:00Z,14624,39248,Q9900998
70974,ct139-623-17,ct139,2017-10-01T00:00:00Z,,14623,39249,Q9900997
70980,ct139-622-17,ct139,2017-10-01T00:00:00Z,2018-06-21T00:00:00Z,14622,39251,Q9900996
70986,ct139-619-17,ct139,2017-10-01T00:00:00Z,,14619,39253,Q9900993
70998,ct139-F620-17,ct139,2017-10-01T00:00:00Z,2018-06-21T00:00:00Z,14620,39262,Q9900994
71004,ct139-F621-17,ct139,2017-10-01T00:00:00Z,,14621,39264,Q9900995
12936,ct37-619-08,ct37,2008-01-17T00:00:00Z,2008-12-01T00:00:00Z,10619,35679,Q9900077
13650,ct33-OO021-07,ct33,2008-01-21T00:00:00Z,2008-10-01T00:00:00Z,10658,78102,Q9900037
14436,ct39-43-08,ct39,2008-01-20T00:00:00Z,2008-12-01T00:00:00Z,10798,69043,Q9900102
15492,ct45-HBOS-08,ct45,2008-10-10T00:00:00Z,2009-12-01T00:00:00Z,10975,48919,Q9900135
15738,ct47-D-09,ct47,2009-02-08T00:00:00Z,2009-07-01T00:00:00Z,11037,90074, 
16080,ct49-Mack-09,ct49,2009-02-25T00:00:00Z,2010-01-20T00:00:00Z,11079,22496,Q9900196
18816,ct57-W481-10,ct57,2010-02-20T00:00:00Z,2011-09-01T00:00:00Z,11319,98481,Q9900274
19080,ct61-02-09,ct61,2009-11-05T00:00:00Z,2010-01-05T00:00:00Z,11359,55956,Q9900287
20574,ct69-M41-10,ct69,2010-08-24T00:00:00Z,2011-07-01T00:00:00Z,11525,53707,Q9900358
20772,ft05-M34Bob-10,ft05,2010-07-18T00:00:00Z,2011-03-16T00:00:00Z,11612,53275,Q9900347
21024,ct70-650-11,ct70,2011-02-09T00:00:00Z,2011-12-09T00:00:00Z,11650,22483,Q9900394
21372,ft06-Cy19-10,ft06,2010-10-16T00:00:00Z,2011-02-01T00:00:00Z,11259,73053,Q9900370
48126,ct110-029-14,ct110,2014-07-31T00:00:00Z,,13029,136194,Q9900702
48132,ct110-088-14,ct110,2014-07-31T00:00:00Z,,13088,136195,Q9900705
48138,ct110-087-14,ct110,2014-07-31T00:00:00Z,,13087,136196,Q9900704
48144,ct110-090-14,ct110,2014-07-31T00:00:00Z,,13090,136197,Q9900707
48150,ct110-089-14,ct110,2014-07-31T00:00:00Z,,13089,136198,Q9900706
48156,ct110-086-14,ct110,2014-07-31T00:00:00Z,,13086,136199,Q9900703
48162,ct110-027-14,ct110,2014-07-31T00:00:00Z,2014-10-14T00:00:00Z,13027,136200,Q9900700
48168,ct110-028-14,ct110,2014-07-31T00:00:00Z,,13028,136201,Q9900701
48246,ct109-964-14,ct109,2014-12-06T00:00:00Z,2016-02-03T12:33:54Z,12964,136202,Q9900728
48252,ct109-937-14,ct109,2014-12-06T00:00:00Z,2016-02-03T12:33:54Z,12937,136203,Q9900742
48258,ct109-939-14,ct109,2014-12-06T00:00:00Z,2016-02-03T12:33:54Z,12939,136204,Q9900729
48264,ct109-942-14,ct109,2014-12-06T00:00:00Z,2016-02-03T12:33:54Z,12942,136205,Q9900730
48270,ct109-944-14,ct109,2014-12-06T00:00:00Z,2016-02-03T12:33:54Z,12944,136206,Q9900743
48276,ct109-949-14,ct109,2014-12-06T00:00:00Z,2016-02-03T12:33:54Z,12949,136207,Q9900731
48282,ct109-973-14,ct109,2014-12-06T00:00:00Z,2016-02-03T12:33:54Z,12973,136208,Q9900746
48288,ct109-958-14,ct109,2014-12-06T00:00:00Z,2016-02-03T12:33:54Z,12958,136209,Q9900732
48294,ct109-956-14,ct109,2014-12-06T00:00:00Z,2016-02-03T12:33:54Z,12956,136210,Q9900733
48306,ct109-965-14,ct109,2014-12-06T00:00:00Z,2016-02-03T12:33:54Z,12965,136212,Q9900744
48312,ct109-966-14,ct109,2014-12-06T00:00:00Z,2016-02-03T12:33:54Z,12966,136213,Q9900745
48318,ct109-967-14,ct109,2014-12-06T00:00:00Z,2016-02-03T12:33:54Z,12967,136214,Q9900734
48324,ct109-968-14,ct109,2014-12-06T00:00:00Z,2016-02-03T12:33:54Z,12968,136215,Q9900735
48342,ct109-085-14,ct109,2014-12-06T00:00:00Z,2016-02-03T12:33:54Z,13085,136218,Q9900747
48348,ct109-032-14,ct109,2014-12-06T00:00:00Z,2016-02-03T12:33:54Z,13032,136219,Q9900738
48354,ct109-031-14,ct109,2014-12-06T00:00:00Z,2016-02-03T12:33:54Z,13031,136220,Q9900739
48360,ct109-187-14,ct109,2014-12-06T00:00:00Z,2016-02-03T12:33:54Z,13187,136221,Q9900749
48366,ct109-186-14,ct109,2014-12-06T00:00:00Z,2016-02-03T12:33:54Z,13186,136222,Q9900748
48372,ct109-184-14,ct109,2014-12-06T00:00:00Z,2016-02-03T12:33:54Z,13184,136223,Q9900741
48378,ct109-188-14,ct109,2014-12-06T00:00:00Z,2016-02-03T12:33:54Z,13188,136224,Q9900750
48384,ct109-190-14,ct109,2014-12-06T00:00:00Z,2016-02-03T12:33:54Z,13190,136225,Q9900751
48390,ct109-191-14,ct109,2014-12-06T00:00:00Z,2016-02-03T12:33:54Z,13191,136226,Q9900752
59316,ct123-F223_rebat-14,ct123,2015-12-05T00:00:00Z,2017-12-01T00:00:00Z,13223,136230,Q9900821
60126,ct137-428-10,ct137,2017-06-01T00:00:00Z,2018-05-15T00:00:00Z,11428,158526,Q9900945
22470,ct78d-D876-11,ct78d,2011-02-22T00:00:00Z,2011-08-01T00:00:00Z,11876,104932,Q9900433
23202,ft08-M90Zues-11,ft08,2011-07-18T00:00:00Z,2012-03-01T00:00:00Z,12005,92572, 
24264,ct118-319-11,ct118,2015-02-12T00:00:00Z,,11319,98481,Q9900764
26526,ct100-301-13,ct100,2013-02-21T00:00:00Z,2014-11-30T18:08:31Z,12301,113398,Q9900586
36966,ct98-31-13,ct98,2013-12-25T00:00:00Z,2014-12-31T00:00:00Z,12688,122385,Q9900607
36978,ct98-33-13,ct98,2013-12-25T00:00:00Z,2014-12-31T00:00:00Z,12699,122387,Q9900609
36984,ct98-34-13,ct98,2013-12-25T00:00:00Z,2014-12-31T00:00:00Z,12695,122388,Q9900610
36990,ct98-35-13,ct98,2013-12-25T00:00:00Z,2014-12-31T00:00:00Z,12690,122389,Q9900611
49098,ft18-C2-13,ft18,2014-12-06T00:00:00Z,2016-06-21T00:00:00Z,12552,120675, 
49326,ct112-033-14,ct112,2014-10-19T00:00:00Z,2015-02-01T00:00:00Z,13033,140090,Q9900715
49332,ct112-034-14,ct112,2014-10-19T00:00:00Z,2015-02-01T00:00:00Z,13034,140091,Q9900716
49338,ct112-035-14,ct112,2014-10-19T00:00:00Z,2015-02-01T00:00:00Z,13035,140092,Q9900717
49344,ct112-047-14,ct112,2014-10-19T00:00:00Z,2015-02-01T00:00:00Z,13047,140093,Q9900718
49350,ct112-048-14,ct112,2014-10-19T00:00:00Z,2015-02-01T00:00:00Z,13048,140094,Q9900719
49356,ct112-049-14,ct112,2014-10-19T00:00:00Z,2015-02-01T00:00:00Z,13049,140095,Q9900720
49362,ct112-050-14,ct112,2014-10-19T00:00:00Z,2015-02-01T00:00:00Z,13050,140096,Q9900721
49374,ct112-051-14,ct112,2014-10-19T00:00:00Z,2015-02-01T00:00:00Z,13051,140097,Q9900722
60246,ct127-11877-08,ct127,2016-01-15T00:00:00Z,2016-11-01T00:00:00Z,11877,158523,Q9900827
60258,ct127-11061-09,ct127,2016-01-15T00:00:00Z,2016-11-01T00:00:00Z,11061,158524,Q9900836
78726,ct144-331BAT2-16,ct144,2018-10-10T00:00:00Z,2019-05-22T00:00:00Z,14331,133015,Q9901105
78732,ct144-F620BAT-17,ct144,2018-10-12T00:00:00Z,2019-05-22T00:00:00Z,14620,39262,Q9901103
78738,ct144-622BAT-17,ct144,2018-10-10T00:00:00Z,2019-05-22T00:00:00Z,14622,39251,Q9901106
78744,ct144-624BAT-17,ct144,2018-10-10T00:00:00Z,,14624,39248,Q9901107
78750,ct144-298BAT-14,ct144,2018-10-10T00:00:00Z,,13298,146572,Q9901164
78762,ct144-084BAT2-14,ct144,2018-10-10T00:00:00Z,,13084,136217,Q9901156
36996,ct98-36-13,ct98,2013-12-25T00:00:00Z,2014-12-31T00:00:00Z,12691,122390,Q9900612
37002,ct111-030-13,ct111,2014-10-20T00:00:00Z,,13030,122391,Q9900712
37008,ct98-38-13,ct98,2013-12-25T00:00:00Z,2014-12-31T00:00:00Z,12634,122392,Q9900614
37014,ct98-39-13,ct98,2013-12-25T00:00:00Z,2014-12-31T00:00:00Z,12635,122393,Q9900615
37020,ct98-40-13,ct98,2013-12-25T00:00:00Z,2014-12-31T00:00:00Z,12637,122394,Q9900616
37026,ct98-41-13,ct98,2013-12-25T00:00:00Z,2014-12-31T00:00:00Z,12568,122395,Q9900617
37032,ct98-42-13,ct98,2013-12-25T00:00:00Z,2014-12-31T00:00:00Z,12638,122396,Q9900618
37038,ct98-43-13,ct98,2013-12-25T00:00:00Z,2014-12-31T00:00:00Z,12693,122397,Q9900619
37044,ct85-44-13,ct85,2014-01-27T00:00:00Z,2014-12-04T10:14:32Z,12687,122398,Q9900635
37050,ct98-45-13,ct98,2013-12-25T00:00:00Z,2014-12-31T00:00:00Z,12560,122399,Q9900620
37056,ct98-46-13,ct98,2013-12-25T00:00:00Z,2014-12-31T00:00:00Z,12694,122400,Q9900621
37062,ct98-47-13,ct98,2013-12-25T00:00:00Z,2014-12-31T00:00:00Z,12696,122401,Q9900622
37068,ct98-48-13,ct98,2013-12-25T00:00:00Z,2014-12-31T00:00:00Z,12697,122402,Q9900623
37086,ct98-50-13,ct98,2013-12-25T00:00:00Z,2014-12-31T00:00:00Z,12689,122404,Q9900625
62892,ct131-050BAT2-16,ct131,2016-10-20T00:00:00Z,2016-11-30T00:00:00Z,13050,140096,Q9900891
62898,ct131-035BAT2-15,ct131,2016-10-26T00:00:00Z,2017-01-20T00:00:00Z,13035,140092,Q9900892
62904,ct131-075BAT-16,ct131,2016-10-27T00:00:00Z,2017-01-21T00:00:00Z,14075,152946,Q9900894
62910,ct131-048BAT2-15,ct131,2016-10-20T00:00:00Z,2017-01-20T00:00:00Z,13048,140094,Q9900890
76446,ct144-802-18,ct144,2018-10-10T00:00:00Z,,14802,57617,Q9901163
76452,ct144-801-18,ct144,2018-10-10T00:00:00Z,,14801,57618,Q9901138
76458,ct144-800-18,ct144,2018-10-10T00:00:00Z,,14800,57623,Q9901165
76566,ct144-186BAT2-14,ct144,2018-10-10T00:00:00Z,,13186,136222,Q9901161
76572,ct144-190BAT2-14,ct144,2018-10-10T00:00:00Z,,13190,136225,Q9901137
76584,ct144-965BAT2-14,ct144,2018-10-10T00:00:00Z,,12965,136212,Q9901155
76596,ct144-939BAT2-14,ct144,2018-10-10T00:00:00Z,,12939,136204,Q9901176
78768,ct144-278BAT-14,ct144,2018-10-10T00:00:00Z,,13278,136242,Q9901162
78846,ct144-F932BAT2-13,ct144,2018-10-10T00:00:00Z,2019-03-01T00:00:00Z,12932,133013,Q9901104
37926,ct99-LB037-13,ct99,2013-01-30T00:00:00Z,2013-04-23T00:00:00Z,12188,112847, 
50766,ct113-10515-10,ct113,2016-01-16T00:00:00Z,,10515,142938,Q9900829
50772,ct113-12787-13,ct113,2016-01-16T00:00:00Z,,12787,142939,Q9900830
50898,ft19-221-14,ft19,2014-12-16T00:00:00Z,2016-02-03T12:34:01Z,13221,136228,Q9900709
50904,ft19-222-14,ft19,2014-12-10T12:00:00Z,2015-06-01T00:00:00Z,13222,136229,Q9900710
51006,ct123-185-14,ct123,2015-12-01T00:00:00Z,,13185,136231,Q9900817
51012,ct123-224-14,ct123,2015-12-01T00:00:00Z,,13224,136232,Q9900818
51018,ct136-225-14,ct136,2017-02-20T00:00:00Z,,13225,136233,Q9900916
51024,ct123-226-14,ct123,2015-12-01T00:00:00Z,,13226,136234,Q9900819
51030,ct115-892-14,ct115,2014-12-08T00:00:00Z,2015-06-01T00:00:00Z,12892,136235,Q9900727
62916,ct131-265BAT2-16,ct131,2016-11-01T00:00:00Z,2017-01-20T00:00:00Z,13265,144392,Q9900898
62922,ct131-049BAT2-16,ct131,2016-10-24T00:00:00Z,2017-01-25T00:00:00Z,13049,140095,Q9900893
62928,ct131-C2BAT3-12,ct131,2016-10-24T00:00:00Z,2017-02-28T00:00:00Z,12552,120675,Q9900895
62964,ct135-937BAT-14,ct135,2017-01-10T00:00:00Z,2017-10-01T00:00:00Z,12937,136203,Q9900903
26478,ct110-256-12,ct110,2014-07-31T00:00:00Z,2014-10-14T00:00:00Z,12256,139320,Q9900633
51846,bv3-242-14,bv3,2015-01-10T00:00:00Z,2015-11-01T00:00:00Z,13242,120361,Q9900753
51852,bv3-243-14,bv3,2015-01-10T00:00:00Z,2015-11-01T00:00:00Z,13243,120364,Q9900754
51864,bv3-245-14,bv3,2015-01-10T00:00:00Z,2015-11-01T00:00:00Z,13245,120366,Q9900755
51876,bv3-246-14,bv3,2015-01-10T00:00:00Z,2015-12-01T00:00:00Z,13246,120368,Q9900756
51882,bv3-241-14,bv3,2015-01-10T00:00:00Z,2015-11-01T00:00:00Z,13241,120370,Q9900757
51888,bv3-247-14,bv3,2015-01-10T00:00:00Z,2015-05-01T00:00:00Z,13247,120372,Q9900758
51894,bv3-248-14,bv3,2015-01-10T00:00:00Z,2015-11-01T00:00:00Z,13248,120375,Q9900759
51906,bv3-240-14,bv3,2015-01-10T00:00:00Z,2015-11-01T00:00:00Z,13240,120730,Q9900760
52092,ct114-02-14,ct114,2015-02-15T00:00:00Z,2015-06-01T00:00:00Z,13268,142317,Q9900771
52098,ct114-03-14,ct114,2015-05-23T00:00:00Z,2016-05-04T00:00:00Z,13189,142318,Q9900776
52104,ct114-04-14,ct114,2015-05-20T00:00:00Z,2016-05-04T00:00:00Z,13270,142319,Q9900773
52110,ct114-05-14,ct114,2015-02-15T00:00:00Z,2015-06-01T00:00:00Z,13231,142320,Q9900761
52122,ct114-07-14,ct114,2015-05-21T00:00:00Z,2016-05-04T00:00:00Z,13229,142322,Q9900774
52128,ct114-08-14,ct114,2015-06-02T00:00:00Z,2016-05-04T00:00:00Z,13267,142323,Q9900781
63486,ct132-328F-16,ct132,2016-10-20T00:00:00Z,2017-01-06T00:00:00Z,14328,48930, 
63504,ct132-329-16,ct132,2016-10-20T00:00:00Z,2016-11-26T00:00:00Z,14329,48933, 
63510,ct132-331-16,ct132,2016-10-20T00:00:00Z,2017-01-06T00:00:00Z,14331,48934, 
61812,ct129-R269-14,ct129,2016-06-09T00:00:00Z,2017-03-30T00:00:00Z,13269,142330,Q9900866
61818,ct129-R235-14,ct129,2016-06-05T00:00:00Z,2018-05-15T00:00:00Z,13235,142326,Q9900869
61830,ct129-R234-14,ct129,2016-06-01T00:00:00Z,,13234,142325,Q9900864
61836,ct129-R267-14,ct129,2016-06-01T00:00:00Z,2017-03-01T00:00:00Z,13267,142323,Q9900865
61842,ct129-R933c-13,ct129,2016-05-28T00:00:00Z,2017-01-10T00:00:00Z,12933,133774,Q9900862
61854,ct129-R229-14,ct129,2016-06-01T00:00:00Z,,13229,142322,Q9900861
61860,ct129-R189-14,ct129,2016-06-01T00:00:00Z,2017-02-01T00:00:00Z,13189,142318,Q9900867
61866,ct129-R264-14,ct129,2016-05-16T00:00:00Z,,13264,142327,Q9900868
61878,ct129-R962-14,ct129,2016-05-26T00:00:00Z,,12962,142331,Q9900863
39126,ct101-790-13,ct101,2013-05-22T00:00:00Z,2014-08-01T00:00:00Z,12790,129856,Q9900594
39132,ct101-791-13,ct101,2013-05-22T00:00:00Z,2014-08-01T00:00:00Z,12791,129857,Q9900595
39138,ct101-792-13,ct101,2013-05-22T00:00:00Z,2014-08-01T00:00:00Z,12792,129858,Q9900596
39144,ct101-793-13,ct101,2013-05-22T00:00:00Z,2014-08-01T00:00:00Z,12793,129859,Q9900597
39150,ct101-794-13,ct101,2013-05-22T00:00:00Z,2014-08-01T00:00:00Z,12794,129860,Q9900598
39156,ct101-795-13,ct101,2013-05-22T00:00:00Z,2014-08-01T00:00:00Z,12795,129861,Q9900599
39162,ct106-796-13,ct106,2013-11-20T00:00:00Z,2016-02-03T12:37:39Z,12796,129862,Q9900638
39168,ct101-701-13,ct101,2013-05-22T00:00:00Z,2014-06-01T00:00:00Z,12701,129863,Q9900590
39174,ct101-703-13,ct101,2013-05-22T00:00:00Z,2014-08-01T00:00:00Z,12703,129864,Q9900591
39180,ct101-704-13,ct101,2013-05-22T00:00:00Z,2014-08-01T00:00:00Z,12704,129865,Q9900592
39186,ct106-705-13,ct106,2013-11-20T00:00:00Z,2016-02-03T12:37:39Z,12705,129866,Q9900637
52146,ct114-10-14,ct114,2015-06-01T00:00:00Z,2016-05-04T00:00:00Z,13234,142325,Q9900777
52152,ct114-11-14,ct114,2015-06-01T00:00:00Z,2016-05-04T00:00:00Z,13235,142326,Q9900778
52158,ct114-12-14,ct114,2015-06-02T00:00:00Z,2016-05-04T00:00:00Z,13264,142327,Q9900782
52164,ct114-13-14,ct114,2015-06-02T00:00:00Z,2016-05-04T00:00:00Z,13271,142328,Q9900783
52170,ct114-14-14,ct114,2015-02-15T00:00:00Z,2015-06-01T00:00:00Z,13232,142329,Q9900772
52176,ct114-15-14,ct114,2015-06-01T00:00:00Z,2016-05-04T00:00:00Z,13269,142330,Q9900780
52188,ct114-16-14,ct114,2015-06-01T00:00:00Z,2016-05-04T00:00:00Z,12962,142331,Q9900779
52206,ft19-633_rebat2-14,ft19,2014-12-18T00:00:00Z,2016-02-03T12:34:01Z,12633,123174,Q9900740
25584,ct106-175-12,ct106,2013-11-20T00:00:00Z,2014-03-01T00:00:00Z,12175,55957,Q9900636
52326,ct123-F628_rebat2-14,ct123,2016-01-25T00:00:00Z,2017-01-01T00:00:00Z,12628,123173,Q9900837
52572,ct134-303-14,ct134,2017-02-15T00:00:00Z,,13303,136236,Q9900802
52578,ct119-294-14,ct119,2016-01-16T00:00:00Z,,13294,136237,Q9900843
52608,ct119-279-14,ct119,2016-01-16T00:00:00Z,,13279,136241,Q9900840
52620,ct134-277-14,ct134,2017-02-15T00:00:00Z,,13277,140656,Q9900797
52626,ct134-276-14,ct134,2017-02-15T00:00:00Z,,13276,140657,Q9900796
52632,ct119-275-14,ct119,2016-01-16T00:00:00Z,,13275,140658,Q9900828
52638,ct134-304-14,ct134,2017-02-15T00:00:00Z,,13304,146571,Q9900803
52650,ct116-308-14,ct116,2016-02-10T00:00:00Z,2016-05-01T00:00:00Z,13308,146573,Q9900804
52656,ct119-300-14,ct119,2017-01-16T00:00:00Z,,13300,146574,Q9900906
52668,ct134-301-14,ct134,2017-02-15T00:00:00Z,,13301,146575,Q9900801
52692,ct117-265-15,ct117,2015-03-01T00:00:00Z,2015-08-01T00:00:00Z,13265,144392,Q9900769
52704,ct117-266-15,ct117,2015-03-05T00:00:00Z,2015-08-01T00:00:00Z,13266,144393,Q9900770
79446,ft22-873-18,ft22,2018-10-16T00:00:00Z,2019-05-22T00:00:00Z,14873,63883,Q9901109
79452,ft22-878-18,ft22,2018-10-16T00:00:00Z,2019-05-22T00:00:00Z,14878,63876,Q9901114
79458,ft22-881-18,ft22,2018-10-16T00:00:00Z,2019-05-22T00:00:00Z,14881,63880,Q9901116
79464,ft22-686-18,ft22,2018-10-16T00:00:00Z,2019-05-22T00:00:00Z,14686,63881,Q9901108
79470,ft22-877-18,ft22,2018-10-16T00:00:00Z,2019-08-19T00:00:00Z,14877,57624,Q9901113
79476,ft22-876-18,ft22,2018-10-16T00:00:00Z,2019-05-22T00:00:00Z,14876,57625,Q9901112
79482,ft22-874-18,ft22,2018-10-16T00:00:00Z,2019-05-22T00:00:00Z,14874,57626,Q9901110
79488,ft22-879-18,ft22,2018-10-16T00:00:00Z,2019-05-22T00:00:00Z,14879,57632,Q9901115
79494,ft22-875-18,ft22,2018-10-16T00:00:00Z,2019-05-22T00:00:00Z,14875,57635,Q9901111
39966,ct102-12798-13,ct102,2013-11-05T00:00:00Z,2014-06-10T00:00:00Z,12798,130069,Q9900646
39978,ct102-12787-13,ct102,2013-11-07T00:00:00Z,2014-04-01T00:00:00Z,12787,130070,Q9900644
39984,ct102-12797-13,ct102,2013-11-09T00:00:00Z,2014-06-10T00:00:00Z,12797,130071,Q9900645
39990,ct102-12782-13,ct102,2013-11-09T00:00:00Z,2014-06-10T00:00:00Z,12782,130072,Q9900643
39996,ct102-12799-13,ct102,2013-11-09T00:00:00Z,2014-06-10T00:00:00Z,12799,130073,Q9900647
40002,wd06-01-13,wd06,2014-01-20T00:00:00Z,2014-11-30T17:40:28Z,12788,130059,Q9900639
40014,wd06-03-13,wd06,2014-01-20T00:00:00Z,2014-11-30T17:40:28Z,12826,130061,Q9900640
40020,wd06-04-13,wd06,2014-01-20T00:00:00Z,2014-11-30T17:40:28Z,12827,130062,Q9900641
40026,wd06-05-13,wd06,2014-01-20T00:00:00Z,2014-11-30T17:40:28Z,12824,130063,Q9900681
40032,ct113-12823-13,ct113,2016-01-16T00:00:00Z,,12823,130064,Q9900831
40038,wd06-07-13,wd06,2014-01-20T00:00:00Z,2014-11-30T17:40:28Z,12825,130065,Q9900680
40044,wd06-08-13,wd06,2014-01-20T00:00:00Z,2014-11-30T17:40:28Z,12829,130066,Q9900682
40050,wd06-09-13,wd06,2014-01-20T00:00:00Z,2014-11-30T17:40:28Z,12832,130067,Q9900683
40056,wd06-10-13,wd06,2014-01-20T00:00:00Z,2014-11-30T17:40:28Z,12831,130068,Q9900684
40446,ft14-F4-13,ft14,2013-10-29T00:00:00Z,2014-02-01T00:00:00Z,12451,120673, 
37080,ct98-49-13,ct98,2013-12-25T00:00:00Z,2014-12-31T00:00:00Z,12698,122403,Q9900624
25470,ct58-11061-09,ct58,2009-10-30T00:00:00Z,2010-07-01T00:00:00Z,11061,2846,Q9900239
52806,wd07-01-15,wd07,2016-01-20T00:00:00Z,,13305,146620,Q9900833
17130,ct33-WW061-07,ct33,2008-01-21T00:00:00Z,2008-11-01T00:00:00Z,10674,78105,Q9900041
22272,ct76-402-11,ct76,2011-02-06T00:00:00Z,2011-08-01T00:00:00Z,11402,55977, 
29046,ct127-11343-07,ct127,2016-01-15T00:00:00Z,2017-05-15T00:00:00Z,11343,43856,Q9900832
37806,ft13-073_3-13,ft13,2013-02-19T00:00:00Z,2013-06-23T00:00:00Z,11073,55956,Q9900600
22908,ct73-RR217-11,ct73,2011-02-08T00:00:00Z,2011-10-01T00:00:00Z,10856,82075, 
70086,ct138-F85-17,ct138,2017-08-10T00:00:00Z,2018-06-01T00:00:00Z,14593,43839,Q9900983
70098,ct138-M88-17,ct138,2017-08-10T00:00:00Z,2018-06-01T00:00:00Z,14594,43841,Q9900965
70104,ct138-F70-17,ct138,2017-08-10T00:00:00Z,2018-06-01T00:00:00Z,14596,43849,Q9900971
70110,ct138-M75-17,ct138,2017-08-10T00:00:00Z,2018-06-01T00:00:00Z,14601,43850,Q9900979
70116,ct138-M89-17,ct138,2017-08-10T00:00:00Z,2018-06-01T00:00:00Z,14598,43875,Q9900973
70122,ct138-F72-17,ct138,2017-08-10T00:00:00Z,2018-06-01T00:00:00Z,14599,43876,Q9900966
70128,ct138-F78-17,ct138,2017-08-10T00:00:00Z,2018-06-01T00:00:00Z,14597,92390,Q9900972
70134,ct138-M80-17,ct138,2017-08-10T00:00:00Z,2018-06-01T00:00:00Z,14602,120365,Q9900974
70140,ct138-F77-17,ct138,2017-08-10T00:00:00Z,2018-06-01T00:00:00Z,14600,120367,Q9900967
40578,ft14-C1-13,ft14,2013-10-28T00:00:00Z,2014-02-01T00:00:00Z,12521,120674, 
53652,hg47-D2-15,hg47,2016-03-30T00:00:00Z,,13290,13290, 
53658,hg47-C1-15,hg47,2016-03-30T00:00:00Z,,13323,13323, 
53664,hg47-C2-15,hg47,2016-03-30T00:00:00Z,,13324,13324, 
65526,ft21-423-16,ft21,2018-02-01T00:00:00Z,2018-05-15T00:00:00Z,14423,133781,Q9901053
65646,wd09-408-16,wd09,2017-02-18T00:00:00Z,2019-08-02T00:00:00Z,14408,164273,Q9900912
65778,wd09-414-16,wd09,2017-02-18T00:00:00Z,2019-08-02T00:00:00Z,14414,164275,Q9900913
65790,wd09-412-16,wd09,2017-03-02T00:00:00Z,2019-08-02T00:00:00Z,14412,164277, 
66126,ct136-F222BAT2-14,ct136,2017-03-16T00:00:00Z,,13222,136229,Q9900919
66132,ct136-F628BAT3-12,ct136,2017-03-16T00:00:00Z,,12628,123173,Q9900918
41646,ft15-F1-13,ft15,2013-07-31T16:00:00Z,2014-02-14T00:00:00Z,12839,131354, 
41652,ft15-F2-13,ft15,2013-07-31T16:00:00Z,2014-02-14T00:00:00Z,12840,131355, 
80310,ft23-C902-18,ft23,2018-10-20T00:00:00Z,2019-03-01T00:00:00Z,14902,63889,Q9901118
80316,ft23-C903-18,ft23,2018-10-20T00:00:00Z,2019-03-01T00:00:00Z,14903,63892,Q9901119
80328,ft23-C899-18,ft23,2018-10-20T00:00:00Z,2019-03-01T00:00:00Z,14899,63895,Q9901126
80334,ft23-C901-18,ft23,2018-10-20T00:00:00Z,2019-03-01T00:00:00Z,14901,65503,Q9901122
80406,ft23-F676-18,ft23,2018-10-20T00:00:00Z,2019-03-01T00:00:00Z,14676,65499,Q9901128
80292,ft23-F781-18,ft23,2018-10-20T00:00:00Z,2019-03-01T00:00:00Z,14781,65501,Q9901120
80898,ft18-C2R-13,ft18,2014-12-06T00:00:00Z,2016-06-21T00:00:00Z,12552,120675, 
81006,ct148-932-18,ct148,2018-12-20T00:00:00Z,,14932,67023,Q9901157
81012,ct148-970-18,ct148,2018-12-20T00:00:00Z,,14970,67024,Q9901174
81018,ct148-934-18,ct148,2018-12-20T00:00:00Z,,14934,67027,Q9901129
81024,ct148-935-18,ct148,2018-12-20T00:00:00Z,,14935,67029,Q9901158
81030,ct148-966-18,ct148,2018-12-20T00:00:00Z,,14966,67030,Q9901175
81036,ct148-938-18,ct148,2018-12-20T00:00:00Z,,14938,67032,Q9901149
81042,ct148-939-18,ct148,2018-12-20T00:00:00Z,,14939,67033,Q9901150
81048,ct148-940-18,ct148,2018-12-20T00:00:00Z,,14940,67035,Q9901172
81054,ct148-941-18,ct148,2018-12-20T00:00:00Z,,14941,67036,Q9901169
42858,ct102-OO052-11,ct102,2013-11-11T00:00:00Z,2014-06-10T00:00:00Z,11691,102365,Q9900648
42864,ct102-12190-12,ct102,2013-11-11T00:00:00Z,2014-06-10T00:00:00Z,12190,112848,Q9900642
26424,ct85-245-12,ct85,2014-01-27T00:00:00Z,2014-12-04T10:14:32Z,12245,113382,Q9900627
12048,awru1-A-06,awru1,2007-02-12T00:00:00Z,2007-10-03T00:00:00Z,10475,72352, 
12054,awru1-B-06,awru1,2007-02-12T00:00:00Z,2007-10-03T00:00:00Z,10476,72353, 
12060,awru1-C-06,awru1,2007-02-12T00:00:00Z,2007-10-03T00:00:00Z,10477,72354, 
50011,rs18-833-11,rs18,2013-09-05T00:00:00Z,2013-10-24T00:00:00Z,11975,107833, 
50012,rs18-836-11,rs18,2013-09-05T00:00:00Z,2013-10-24T00:00:00Z,11986,107836, 
50013,rs18-839-11,rs18,2013-09-05T00:00:00Z,2013-10-24T00:00:00Z,11989,107839, 
50014,rs18-840-11,rs18,2013-09-05T00:00:00Z,2013-10-24T00:00:00Z,11993,107840, 
50018,rs11-494-12,rs11,2012-10-29T00:00:00Z,2012-12-30T00:00:00Z,11734,116494, 
50019,rs11-482-12,rs11,2012-10-29T00:00:00Z,2012-12-30T00:00:00Z,12331,116482, 
50020,rs11-483-12,rs11,2012-10-29T00:00:00Z,2012-12-30T00:00:00Z,12332,116483, 
50021,rs11-484-12,rs11,2012-10-29T00:00:00Z,2012-12-30T00:00:00Z,12333,116484, 
50022,rs11-485-12,rs11,2012-10-29T00:00:00Z,2012-12-30T00:00:00Z,12334,116485, 
50023,rs11-486-12,rs11,2012-10-29T00:00:00Z,2012-12-30T00:00:00Z,12335,116486, 
50024,rs11-487-12,rs11,2012-10-29T00:00:00Z,2012-12-30T00:00:00Z,12336,116487, 
50025,rs11-488-12,rs11,2012-10-29T00:00:00Z,2012-12-30T00:00:00Z,12337,116488, 
50026,rs11-489-12,rs11,2012-10-29T00:00:00Z,2012-12-30T00:00:00Z,12338,116489, 
50027,rs11-490-12,rs11,2012-10-29T00:00:00Z,2012-12-30T00:00:00Z,12339,116490, 
50028,rs11-491-12,rs11,2012-10-29T00:00:00Z,2012-12-30T00:00:00Z,12340,116491, 
50029,rs11-492-12,rs11,2012-10-29T00:00:00Z,2012-12-30T00:00:00Z,12341,116492, 
50030,rs11-493-12,rs11,2012-10-29T00:00:00Z,2012-12-30T00:00:00Z,12342,116493, 
50031,rs11-495-12,rs11,2012-10-29T00:00:00Z,2012-12-30T00:00:00Z,12344,116495, 
50032,rs11-496-12,rs11,2012-10-29T00:00:00Z,2012-12-30T00:00:00Z,12345,116496, 
50034,rs9-827-11,rs9,2011-10-29T00:00:00Z,2012-04-30T00:00:00Z,11967,107827, 
50036,rs9-829-11,rs9,2011-10-29T00:00:00Z,2012-04-30T00:00:00Z,11969,107829, 
50037,rs9-830-11,rs9,2011-10-29T00:00:00Z,2012-04-30T00:00:00Z,11970,107830, 
50039,rs9-832-11,rs9,2011-10-29T00:00:00Z,2012-04-30T00:00:00Z,11973,107832, 
50040,rs9-384-11,rs9,2011-10-29T00:00:00Z,2012-04-30T00:00:00Z,11974,106384, 
50041,rs9-388-11,rs9,2011-10-29T00:00:00Z,2012-04-30T00:00:00Z,11976,106388, 
50042,rs9-834-11,rs9,2011-10-29T00:00:00Z,2012-04-30T00:00:00Z,11982,107834, 
50044,rs9-373-11,rs9,2011-10-29T00:00:00Z,2012-04-30T00:00:00Z,11985,106373, 
50045,rs9-837-11,rs9,2011-10-29T00:00:00Z,2012-04-30T00:00:00Z,11987,107837, 
50046,rs9-838-11,rs9,2011-10-29T00:00:00Z,2012-04-30T00:00:00Z,11988,107838, 
50047,rs9-387-11,rs9,2011-10-29T00:00:00Z,2012-04-30T00:00:00Z,11990,106387, 
50048,rs9-385-11,rs9,2011-10-29T00:00:00Z,2012-04-30T00:00:00Z,11991,106385, 
50049,rs9-386-11,rs9,2011-10-29T00:00:00Z,2012-04-30T00:00:00Z,11992,106386, 
50050,rs6-13-10,rs6,2010-10-17T00:00:00Z,2011-06-06T00:00:00Z,11539,43857, 
50051,rs6-03-10,rs6,2010-10-17T00:00:00Z,2011-06-06T00:00:00Z,11555,43837, 
50052,rs6-02-10,rs6,2010-10-17T00:00:00Z,2011-06-06T00:00:00Z,11556,43836, 
50053,rs6-12-10,rs6,2010-10-17T00:00:00Z,2011-06-06T00:00:00Z,11557,43853, 
50054,rs6-15-10,rs6,2010-10-17T00:00:00Z,2011-06-06T00:00:00Z,11558,43862, 
50056,rs6-17-10,rs6,2010-10-17T00:00:00Z,2011-06-06T00:00:00Z,11560,43865, 
50057,rs6-18-10,rs6,2010-10-17T00:00:00Z,2011-06-06T00:00:00Z,11561,43867, 
50058,rs6-01-10,rs6,2010-10-17T00:00:00Z,2011-06-06T00:00:00Z,11562,43835, 
50059,rs6-07-10,rs6,2010-10-17T00:00:00Z,2011-06-06T00:00:00Z,11563,43845, 
50060,rs6-04-10,rs6,2010-10-17T00:00:00Z,2011-06-06T00:00:00Z,11564,43838, 
50061,rs6-08-10,rs6,2010-10-17T00:00:00Z,2011-06-06T00:00:00Z,11573,43847, 
50062,rs6-11-10,rs6,2010-10-17T00:00:00Z,2011-06-06T00:00:00Z,11574,43852, 
50063,rs6-14-10,rs6,2010-10-17T00:00:00Z,2011-06-06T00:00:00Z,11576,43858, 
50065,rs6-05-10,rs6,2010-10-17T00:00:00Z,2011-06-06T00:00:00Z,11586,43842, 
50066,rs6-16-10,rs6,2010-10-17T00:00:00Z,2011-06-06T00:00:00Z,11587,43864, 
50067,rs6-10-10,rs6,2010-10-17T00:00:00Z,2011-06-06T00:00:00Z,11627,43851, 
50080,hg19-199-08,hg19,2008-06-17T00:00:00Z,2009-01-13T00:00:00Z,10199,44428, 
50082,hg19-210-11,hg19,2008-06-17T00:00:00Z,2009-01-13T00:00:00Z,10210,44434, 
50084,hg19-374-08,hg19,2008-06-17T00:00:00Z,2009-01-13T00:00:00Z,10374,44444, 
50096,hd3-76-08,hd3,2008-03-27T00:00:00Z,2009-06-21T00:00:00Z,9576,44401, 
50097,hd3-77-08,hd3,2008-03-27T00:00:00Z,2009-06-21T00:00:00Z,9577,44406, 
50098,hd3-78-08,hd3,2008-03-27T00:00:00Z,2009-06-21T00:00:00Z,9578,44409, 
50099,hd3-79-08,hd3,2008-03-27T00:00:00Z,2009-06-21T00:00:00Z,9579,44407, 
50100,hd3-80-08,hd3,2008-03-27T00:00:00Z,2009-06-21T00:00:00Z,9580,44408, 
50101,hd3-81-08,hd3,2008-03-27T00:00:00Z,2009-06-21T00:00:00Z,9581,44445, 
50102,hd3-82-08,hd3,2008-03-27T00:00:00Z,2009-06-21T00:00:00Z,9582,44412, 
50103,hd3-CTD453-08,hd3,2008-03-27T00:00:00Z,2009-06-21T00:00:00Z,10453,44426, 
50107,ct18-L-06,ct18,2007-07-24T00:00:00Z,2009-10-31T00:00:00Z,10452,44425, 
50108,hd6-D-07,hd6,2007-07-22T00:00:00Z,2008-06-24T00:00:00Z,10393,44417, 
50109,hd6-E-07,hd6,2007-07-22T00:00:00Z,2008-06-24T00:00:00Z,10394,44418, 
50110,hd6-F-07,hd6,2007-07-22T00:00:00Z,2008-06-24T00:00:00Z,10395,44419, 
50127,hd2g-9409-04,hd2g,2004-07-24T00:00:00Z,2005-06-27T00:00:00Z,9409,44444, 
50128,hd2g-9411-04,hd2g,2004-07-24T00:00:00Z,2005-06-27T00:00:00Z,9411,44487, 
50129,hd2g-9412-04,hd2g,2004-07-24T00:00:00Z,2005-06-27T00:00:00Z,9412,44443, 
50130,hd2g-9419-04,hd2g,2004-07-24T00:00:00Z,2005-06-27T00:00:00Z,9419,44445, 
50131,hd2g-9421-04,hd2g,2004-07-24T00:00:00Z,2005-06-27T00:00:00Z,9421,44489, 
50132,hd2g-9426-04,hd2g,2004-07-24T00:00:00Z,2005-06-27T00:00:00Z,9426,49539, 
50133,ct55-9575-10,ct55,2010-03-23T00:00:00Z,2011-01-19T00:00:00Z,9575,44398, 
50134,ct55-11224-10,ct55,2010-03-23T00:00:00Z,2011-01-19T00:00:00Z,11224,68001, 
50136,ct55-11299-10,ct55,2010-03-23T00:00:00Z,2011-01-19T00:00:00Z,11299,67999, 
50137,ct55-11300-10,ct55,2010-03-23T00:00:00Z,2011-01-19T00:00:00Z,11300,68000, 
50138,ct55-11314-10,ct55,2010-03-23T00:00:00Z,2011-01-19T00:00:00Z,11314,68016, 
50139,hd5bb-9304-05,hd5bb,2006-03-18T00:00:00Z,2006-12-09T00:00:00Z,9304,44430, 
50140,hd5bb-9311-05,hd5bb,2006-03-18T00:00:00Z,2006-12-09T00:00:00Z,9311,44427, 
50141,hd5bb-9318-05,hd5bb,2006-03-18T00:00:00Z,2006-12-09T00:00:00Z,9318,44433, 
50142,hd5bb-9329-05,hd5bb,2006-03-18T00:00:00Z,2006-12-09T00:00:00Z,9329,44432, 
50144,hd2bb-9340-04,hd2bb,2004-03-19T00:00:00Z,2005-03-12T00:00:00Z,9340,44412, 
50145,hd2f-9257-04,hd2f,2004-03-19T00:00:00Z,2005-01-03T00:00:00Z,9257,44406, 
50146,hd2f-9316-04,hd2f,2004-03-19T00:00:00Z,2005-01-03T00:00:00Z,9316,44401, 
50147,hd2f-9337-04,hd2f,2004-03-19T00:00:00Z,2005-01-03T00:00:00Z,9337,44398, 
50149,hd2f-9350-04,hd2f,2004-03-19T00:00:00Z,2005-01-03T00:00:00Z,9350,44409, 
50151,hd2f-9364-04,hd2f,2004-03-19T00:00:00Z,2005-01-03T00:00:00Z,9364,44408, 
50152,hp2-9303-04,hp2,2004-05-23T00:00:00Z,2005-10-23T00:00:00Z,9303,44413, 
50153,hp2-9306-04,hp2,2004-05-23T00:00:00Z,2005-10-23T00:00:00Z,9306,44435, 
50154,hp2-9310-04,hp2,2004-05-23T00:00:00Z,2005-10-23T00:00:00Z,9310,44428, 
50155,hp2-9312-04,hp2,2004-05-23T00:00:00Z,2005-10-23T00:00:00Z,9312,44426, 
50156,hp2-9319-04,hp2,2004-05-23T00:00:00Z,2005-10-23T00:00:00Z,9319,44431, 
50157,hp2-9320-04,hp2,2004-05-23T00:00:00Z,2005-10-23T00:00:00Z,9320,44423, 
50158,hp2-9321-04,hp2,2004-05-23T00:00:00Z,2005-10-23T00:00:00Z,9321,44424, 
50160,hp2-9326-04,hp2,2004-05-23T00:00:00Z,2005-10-23T00:00:00Z,9326,44436, 
50161,hp2-9327-04,hp2,2004-05-23T00:00:00Z,2005-10-23T00:00:00Z,9327,44434, 
50162,hp2-9328-04,hp2,2004-05-23T00:00:00Z,2005-10-23T00:00:00Z,9328,44425, 
50163,hp2-9330-04,hp2,2004-05-23T00:00:00Z,2005-10-23T00:00:00Z,9330,44414, 
50164,hp2-9331-04,hp2,2004-05-23T00:00:00Z,2005-10-23T00:00:00Z,9331,44422, 
50165,hp2-9332-04,hp2,2004-05-23T00:00:00Z,2005-10-23T00:00:00Z,9332,44421, 
50166,hp2-9333-04,hp2,2004-05-23T00:00:00Z,2005-10-23T00:00:00Z,9333,44420, 
50169,hp2-9349-04,hp2,2004-05-23T00:00:00Z,2005-10-23T00:00:00Z,9349,44416, 
50170,hp2-9361-04,hp2,2004-05-23T00:00:00Z,2005-10-23T00:00:00Z,9361,44418, 
50227,hg9-10080-07,hg9,2007-01-14T00:00:00Z,2007-11-13T00:00:00Z,10080,44465, 
50232,hg9-10135-07,hg9,2007-01-14T00:00:00Z,2007-11-13T00:00:00Z,10135,44460, 
50233,hg4-9305-04,hg4,2004-04-11T00:00:00Z,2005-05-28T00:00:00Z,9305,44437, 
50234,hg4-9347-04,hg4,2004-04-11T00:00:00Z,2005-05-28T00:00:00Z,9347,44438, 
50235,hg4-9356-04,hg4,2004-04-11T00:00:00Z,2005-05-28T00:00:00Z,9356,44439, 
50236,hg4-9357-04,hg4,2004-04-11T00:00:00Z,2005-05-28T00:00:00Z,9357,44440, 
50237,hg4-9359-04,hg4,2004-04-11T00:00:00Z,2005-05-28T00:00:00Z,9359,44441, 
50238,hg4-9360-04,hg4,2004-04-11T00:00:00Z,2005-05-28T00:00:00Z,9360,44442, 
50239,hg4-9362-04,hg4,2004-04-11T00:00:00Z,2005-05-28T00:00:00Z,9362,44455, 
50240,hg4-9368-04,hg4,2004-04-11T00:00:00Z,2005-05-28T00:00:00Z,9368,44460, 
50241,hg4-9369-04,hg4,2004-04-11T00:00:00Z,2005-05-28T00:00:00Z,9369,44456, 
50242,hg4-9370-04,hg4,2004-04-11T00:00:00Z,2005-05-28T00:00:00Z,9370,44457, 
50243,hg4-9373-04,hg4,2004-04-11T00:00:00Z,2005-05-28T00:00:00Z,9373,44458, 
50244,hg4-9374-04,hg4,2004-04-11T00:00:00Z,2005-05-28T00:00:00Z,9374,44454, 
50245,hg4-9375-04,hg4,2004-04-11T00:00:00Z,2005-05-28T00:00:00Z,9375,44453, 
50246,hg4-9376-04,hg4,2004-04-11T00:00:00Z,2005-05-28T00:00:00Z,9376,44459, 
50247,hg4-9377-04,hg4,2004-04-11T00:00:00Z,2005-05-28T00:00:00Z,9377,44474, 
50248,hg4-9381-04,hg4,2004-04-11T00:00:00Z,2005-05-28T00:00:00Z,9381,44462, 
50249,hg4-9383-04,hg4,2004-04-11T00:00:00Z,2005-05-28T00:00:00Z,9383,44466, 
50250,hg4-9384-04,hg4,2004-04-11T00:00:00Z,2005-05-28T00:00:00Z,9384,44463, 
50251,hg4-9385-04,hg4,2004-04-11T00:00:00Z,2005-05-28T00:00:00Z,9385,44475, 
50252,hg4-9386-04,hg4,2004-04-11T00:00:00Z,2005-05-28T00:00:00Z,9386,44468, 
50253,hg4-9387-04,hg4,2004-04-11T00:00:00Z,2005-05-28T00:00:00Z,9387,44476, 
50254,hg4-9388-04,hg4,2004-04-11T00:00:00Z,2005-05-28T00:00:00Z,9388,44465, 
50255,hg4-9389-04,hg4,2004-04-11T00:00:00Z,2005-05-28T00:00:00Z,9389,44472, 
50256,hg4-9393-04,hg4,2004-04-11T00:00:00Z,2005-05-28T00:00:00Z,9393,44473, 
50257,hg4-9394-04,hg4,2004-04-11T00:00:00Z,2005-05-28T00:00:00Z,9394,44461, 
50258,hg4-9395-04,hg4,2004-04-11T00:00:00Z,2005-05-28T00:00:00Z,9395,44467, 
50259,hg4-9396-04,hg4,2004-04-11T00:00:00Z,2005-05-28T00:00:00Z,9396,44469, 
50260,hg4-9401-04,hg4,2004-04-11T00:00:00Z,2005-05-28T00:00:00Z,9401,44464, 
50261,hg4-9403-04,hg4,2004-04-11T00:00:00Z,2005-05-28T00:00:00Z,9403,44470, 
50262,hg4-9404-04,hg4,2004-04-11T00:00:00Z,2005-05-28T00:00:00Z,9404,44471, 
50263,hg4-9405-04,hg4,2004-04-11T00:00:00Z,2005-05-28T00:00:00Z,9405,44491, 
50264,hg4-9406-04,hg4,2004-04-11T00:00:00Z,2005-05-28T00:00:00Z,9406,44499, 
50265,hg4-9407-04,hg4,2004-04-11T00:00:00Z,2005-05-28T00:00:00Z,9407,44490, 
50266,hg4-9408-04,hg4,2004-04-11T00:00:00Z,2005-05-28T00:00:00Z,9408,44497, 
50267,hg4-9414-04,hg4,2004-04-11T00:00:00Z,2005-05-28T00:00:00Z,9414,44502, 
50268,hg4-9415-04,hg4,2004-04-11T00:00:00Z,2005-05-28T00:00:00Z,9415,44505, 
50269,hg4-9416-04,hg4,2004-04-11T00:00:00Z,2005-05-28T00:00:00Z,9416,44504, 
50270,hg4-9417-04,hg4,2004-04-11T00:00:00Z,2005-05-28T00:00:00Z,9417,44500, 
50271,hg4-9418-04,hg4,2004-04-11T00:00:00Z,2005-05-28T00:00:00Z,9418,44501, 
50272,hg4-9423-04,hg4,2004-04-11T00:00:00Z,2005-05-28T00:00:00Z,9423,44498, 
50273,hg4-9705-04,hg4,2004-04-11T00:00:00Z,2005-05-28T00:00:00Z,9705,44493, 
50274,hg4-9706-04,hg4,2004-04-11T00:00:00Z,2005-05-28T00:00:00Z,9706,44492, 
50275,hg4-9707-04,hg4,2004-04-11T00:00:00Z,2005-05-28T00:00:00Z,9707,44495, 
50276,hg4-9708-04,hg4,2004-04-11T00:00:00Z,2005-05-28T00:00:00Z,9708,44496, 
50277,hg4-9710-04,hg4,2004-04-11T00:00:00Z,2005-05-28T00:00:00Z,9710,44494, 
50283,wd04-836-11,wd04,2011-03-26T00:00:00Z,2011-10-08T00:00:00Z,11836,104956, 
50284,wd04-838-11,wd04,2011-03-26T00:00:00Z,2011-10-08T00:00:00Z,11838,104947, 
50286,wd04-880-11,wd04,2011-03-26T00:00:00Z,2011-10-08T00:00:00Z,11880,104948, 
50287,wd04-881-11,wd04,2011-03-26T00:00:00Z,2011-10-08T00:00:00Z,11881,104954, 
50289,wd04-883-11,wd04,2011-03-26T00:00:00Z,2011-10-08T00:00:00Z,11883,104946, 
50290,wd04-884-11,wd04,2011-03-26T00:00:00Z,2011-10-08T00:00:00Z,11884,104950, 
50291,wd04-896-11,wd04,2011-03-26T00:00:00Z,2011-10-08T00:00:00Z,11896,104951, 
50292,wd04-897-11,wd04,2011-03-26T00:00:00Z,2011-10-08T00:00:00Z,11897,104952, 
50293,wd04-898-11,wd04,2011-03-26T00:00:00Z,2011-10-08T00:00:00Z,11898,104957, 
50294,wd04-899-11,wd04,2011-03-26T00:00:00Z,2011-10-08T00:00:00Z,11899,104955, 
50295,wd04-900-11,wd04,2011-03-26T00:00:00Z,2011-10-08T00:00:00Z,11900,104959, 
50296,wd04-906-11,wd04,2011-03-26T00:00:00Z,2011-10-08T00:00:00Z,11906,104960, 
50297,wd04-907-11,wd04,2011-03-26T00:00:00Z,2011-10-08T00:00:00Z,11907,104961, 
50298,wd04-908-11,wd04,2011-03-26T00:00:00Z,2011-10-08T00:00:00Z,11908,104962, 
50299,wd04-909-11,wd04,2011-03-26T00:00:00Z,2011-10-08T00:00:00Z,11909,104963, 
50300,wd04-910-11,wd04,2011-03-26T00:00:00Z,2011-10-08T00:00:00Z,11910,104964, 
50301,wd04-911-11,wd04,2011-03-26T00:00:00Z,2011-10-08T00:00:00Z,11911,104965, 
